 ,Review,mua_sam
0,"Lại kiếm ko ra quán mới để đi rồi mình phải ghé lại The Palace tea lần 3, ko lẽ tính làm fan của quán luôn nà :). Mình thích trà sữa ở đây bởi nó được làm tự nhiên hay gọi gọi là thạch nhà làm ý, ngon àm lại yên tâm nữa. Vị nó cũng khá ngon ko quá ngọt nên cũng bớt lo lắng sợ béo. Mình cũng hay theo dõi quán, tại quán cũng hay có nhiều chương trình giảm giá, nên có giảm giá là phi ngay tới liền à <3. À bạn gọi thêm topping nhé, topping ở đây ngon lắm, mỗi lần mình uống phải gọi thêm 10-15k topping nữa mới vừa lòng <3.",4
1,"Noel này bạn đã đi đâu chưa, có đi đâu thì nhớ mặc đủ ấm trước khi ra đường nhé, Quy Nhơn nay lạnh lắm. Mình ghé lại quán lần 2, nay trang trí thêm làm mình hạo hức noel ghê, nay trang trí lại nên lung linh đi sớm sớm để coa chổ ngồi trong mìa noel này nhé! Như mình đã nói, nước ở đây khá ngon, không khá ngọt nhưng lại sớm, còn giá tiền thì mình thấy cũng ổn bình thường như những quán khác thôi. Có dịp mình ghé quán lại nữa nhé thử hết nốt menu hiha :))",4
2,"Mình nghe nói quán này làm mưa làm gió với các bạn trẻ quy nhơn nên thử đến xem như thế nào. Quả đúng thật, quán view rất rộng, có phòng máy lạnh rộng lắm nhé, quán có chịu khó đầu tư về view nên thấy nhiều view của quán đẹp để chụp hình! Mìn thích ở quán cách nhân viên phục vụ rất chuyên nghiệp và lịch sự nhé kiểu như những quán sang trọng sài gòn v! Trà sữa của quán khá ngon và nhiều nhé uống hết 1 ly chắc no chanh bềnh luôn nè :))) còn về giá cả thấy rất hợp lý cho các bạn sinh viên trẻ nhé! Có dịp mình sẽ ghé quán thêm vài lần nữa <3 <3",4
3,"Chiều hôm kia mình và nhóm bạn đi tìm quán trà sữa để uống cũng như chém gió. Trong nhóm có 1 đứa chưa vào Palace Tea nên cả bọn quyết định kéo nhau vào Palace Tea.
Chiều sớm nên quán cũng không đông lắm, mỗi đứa gọi cho mình 1 loại, mình thì uống Ô long cam đào dâu tây. 
Ấn tượng chung của mình là ly trà ô long rất đẹp, màu nước cũng đẹp nữa. Hương vị thì rất ổn nhé, nước lại thơm mùi trái cây nữa. Tuy giá của nó khá là cao nhưng nó là 1 món nước thực sự đáng thử khi tới Palace Tea.",4
4,"Quán trà sữa này chắc hiện tại đang hot ở Quy Nhơn. Menu nhiều loại trà được teen ưa thích lắm
Giá cả hơi cao",4
5,"Mình mua đúng 1 lần ko quay lại lần 2. Giá mắc ở quy nhơn ko nói. Vấn đề là nhân viên ko nói rõ với mình quán bán trân châu nào, làm mình về thắc mắc với admin là sao ko phải loại trân châu truyền thống. Đã vậy admin còn mỉa mai mình kêu mình đáng lẽ phải đi hỏi quán đó là trân châu gì. Ủa vậy sinh ra vị trí thu ngân order hay bạn nhân viên đứng trực tiếp đưa nước uống cho khách để làm gì. Sao quán ko biết tự động giới thiệu cho khách để khách khỏi nhầm lẫn. Hoặc có khi khách hàng đúng nhưng cách gọi thạch của quán và của khách khác nhau thì sao??? Nước uống tạm ổn ngoại trừ cách chăm sóc khách hàng của quán quá tệ. Còn lại ko gian quán được, chỗ ngồi chờ rộng rãi, nhân viên khá dễ thương và chú bảo vệ hiền. Vậy thôi!!!.",1
6,"Palace Tea là quán trà sữa mới mở ở Quy Nhơn nè. 
Nói sao đây ta, rất thích quán này nhe.
Để liệt kê điểm cộng cho nè: Đồ uống ngon nha, không gian bài trí thì ấn tượng, cách phục vụ thì miễn chê, cảm tưởng Palace cứ như The Koi hay GongCha của Sài Gòn ấy.
Vô order nước, quanh quẩn làm ngay vài tấm chất chất. Thật tuyệt vời ^^
Mình thấy đa phần các bạn tới đây hay gọi hồng trà. Mình thì thích uống hồng trà kem sữa với trà sữa khoai môn nhất ấy. Hí hí
À mà quán có mấy bạn phục vụ dễ thương lắm ấy, hehe.",4
7,"Quán rất tuyệt , vị rất lạ rất ngon, uống rất đáng đồng tiền , mình đã ún rất nhiều quán nhưng quán này là đc mình chấm điểm cao nhất . Ghé quán được 3 lần rồi và dự là mình với con bạn thân sẽ ghé thường xuyên vì mê vị ở đây rồi . Nhân viên phục vụ rất tốt , thân thiện , hết lòng với khách hàng . Ước gì quán có chi nhánh trên An Nhơn nhỉ , vì cứ mỗi lần thèm là mh vs con bạn phải lặn lội từ trên An Nhơn xuống mất hơn 30 phút hihi . PALACE TEA mà có thẻ tích điểm nữa thì tuyệt biết bao .",5
8,"Quán theo phong cách mấy quán trà sữa lớn trong SG nên thấy cách order rất chuyên nghiệp.
Không gian cũng ok, trang trí đẹp.
Order trà matcha cream phô mai siêu ngon luôn, thích lớp kem của quán cực, kem đặc mua về cũng không bị tan đi mấy, ly có sẵn trân châu trắng nhai cũng khá vui.😍😍
Giá nước cũng khá cao nếu điều chỉnh bớt thì sẽ phù hợp hơn. ☺️☺️
Bữa mua có gặp anh chủ hỏi han khá nhiệt tình.
Điểm trừ: cũng không có gì to tát nhưng anh bảo vệ không được nhiệt tình cho lắm, hôm mình tới mua quán không đông nhưng mình mua về chạy xe tới thì ảnh cũng không hỏi han bạn uống ở đây hay mang về để chỉ chỗ mình đỗ xe, lỡ như mình uống tại quán thì s nhỉ.😩Nếu ảnh nhiệt tình hơn một chút thì quán không còn gì để chê.",4
9,"Quán phòng máy lạnh, khá rộng và sáng. Lúc mình tới thì chỉ có tầng 1 còn tầng 2 đang thi công. Vì nhân viên khá đông và rảnh rỗi nên phục vụ cũng được. Mình không thích hình ảnh một dãy nhân viên ngồi bấm điện thoại ở băng ghế chờ lắm vì trông nó khá là kì và phản cảm.
Menu cũng không nhiều lắm, giá khá đắt tầm từ 35k - 55k. Ở đây chia làm 2 loại ly: 500ml và 700ml. Mình có thể gọi thêm các topping.
Nước ổn. Mình uống hồng trà sữa bọt thì thấy trà không hẳn là xuất sắc, chỉ ở mức uống được, bọt sữa béo và mặn, hợp với mình. Trân châu ngon, có điều mình có thói quen uống nước hết rồi múc trân châu riêng nhưng lúc mang nước ra thì lại không cho kèm muỗng. Mình có xin muỗng thì muỗng lại ngắn hơn ly nên rất khó múc. Hy vọng quán cải thiện vấn đề này hơn. 
Em mình uống lục trà chanh thì thấy trà c~ tạm và khá ngọt, tuy gọi là trà chanh nhưng mà bên trong lại bỏ cam nên đâm ra cũng chả thấy vị chanh gì mấy.",4
10,"Mình nghe bảo món matcha kem sữa quán này ngon nên uống thử. ấn tượng đầu tiên là không gian đẹp,
menu nhiều món hot như ở đà nẵng mình từng uống qua
matcha uống ổn
trà trái cây cam uống mát mát",4
11,"Trước giờ mình ít khi uống hồng trà vì k thích vị của nó. Nhưng sau khi uống thử ""hồng trà kem sữa bọt biển"" ở đây thì cực thích luôn, k bị mất đi mùi trà, có nhiều kem sữa hoà quyện nhưng vẫn ngọt thanh, rất vừa miệng. Dàn nv thì toàn trai xinh gái đẹp, tận tình, nhanh nhẹn. Duyệt và sẽ đến tiếp để dùng thử mấy loại trà trái cây ^^",5
12,"Mình thích nhất là quả ly 700ml uống đã, no muốn bể bụng. Mà tính ra 47k 700ml là siêu tiết kiệm luôn. Vị trà sữa ở đây ngọt vừa - mát thanh, vị khá lạ và đặc biệt. 
Nhân viên phục vụ ở đây thì toàn bbbg dễ thương mà lịch sự nữa :))",4
13,"Quán mới khai trương đang có chương trình khuyến mãi #mua_2_tặng_1 nên thu hút rất nhiều sự quan tâm của các bạn trẻ Quy Nhơn. Nghe nói hôm khai trương không ngon nhưng mình đến vào các ngày sau thì lại thấy hài lòng lắm
Trong thời điểm chương trình khuyến mãi quán quá đông khách nên mình quyết định mua mang đi vì bản tính thích không gian yên tĩnh.
👉Vừa đến, dù chưa vào quán nhưng mình rất hài lòng về 2 bạn bảo vệ: rất nhiệt tình, hỏi khách là mua mang đi hay vào uống rồi sẽ hướng dẫn cho bạn cách để xe và dắt xe hộ bạn.
Nhân viên toàn trai xinh, gái đẹp không hà mà lại vui vẻ, lịch sự, hướng dẫn bạn order, cung cách phục vụ rất tốt.
👉Bước vào quán mát dễ sợ (máy lạnh bao đã).Tầng 1 không gian hơi bé nhưng điểm cộng là có ghế cho khách ngồi đợi khi mua mang đi (nghe đâu sắp tới sẽ mở thêm tầng 2) 
👉Theo kiểu take away nên bạn sẽ order tại quầy và đợi nhân viên gọi nhận đồ uống theo thứ tự. 
👉Mình chọn Hồng trà kem sữa bọt biển và lục trà cam vàng, được tặng hồng trà sữa truyền thống. Mỗi người có mỗi cảm nhận nhưng riêng mình thấy đồ uống ở đây hợp khẩu vị và thật sự ngon. Mua luôn 2 ly 700ml uống ngập mặt. Phần nắp ly rất tiện lợi, có 3 phần cho bạn tùy chọn cách thưởng thức. Review từng loại nhé:
👆Hồng trà kem sữa bọt biển: hồng trà vốn có vị đắng nên nhất thiết bạn phải thêm kem sữa vào, ở đây có 2 loại kem sữa là bọt biển và phô mai. Mình thì hồi giờ chọn bọt biển và cũng muốn thử để so sánh với những quán mình đã uống trước đây. Khuấy đều lớp kem sữa béo béo hòa quyện cùng vị hồng trà rất thơm, không bị ngọt gắt hay quá nhạt lại cảm nhận được mùi trà chứ không mất vị đâu nhé! À có thạch gì trong trong, dai dai nhai hơi bị thích.
👆Lục trà cam vàng: Nghe cái tên là chắc hẳn các bạn thấy đậm vị cam chanh rồi. Uống vào cảm giác thanh mát thêm thạch dai dai thích hợp xua tan cơn nóng ngày hè của Quy Nhơn những ngày oi ả này. Cái này bị 2 đứa bạn giành uống dữ quá vì mới ăn đồ nướng xong :)))
👆Hồng trà sữa truyền thống: Không biết các bạn nghĩ sao nhưng phải nói trà sữa rất ngon và cực hợp khẩu vị của mình. Trước giờ mình thích uống trà sữa và hầu như thử rất nhiều nơi nhưng không tìm đâu ở Quy Nhơn cái vị trà sữa vẫn giữ được vị trà như thế này. Trà+sữa 50/50 thì mới đúng chất trà sữa chứ đa phần các quán hiện nay thành sữa trà mất rồi, quá béo, uống vào mất hẳn vị trà. Phần trân châu vừa phải, đủ độ dai nhưng không bị cứng, không biết quán nấu hay nhập, nếu nấu thì canh thời gian hơi bị chuẩn đấy!
📣📣📣À! Có này phải nói thêm, quán bán ly chuẩn quá nên cho ít đá, mình uống 1/3 ly vì đem đi nên trên đường phải mua thêm đá đổ vào thế nên uống no muốn vỡ bụng à :)))))
Nói chung #THE_PALACE_TEA không làm mình thất vọng, giá hơi cao so với mặt bằng chung Quy Nhơn nhưng chất lượng ổn thì giá cả không thành vấn đề!😘",4
14,"Mình đã ghé Palace tea vào những ngày khai trương , có lẽ do lúc đầu nên quán chưa có kinh nghiệm nên nước có vẻ không ngon . Nhưng vài ngày sau khai trương mình có quay lại , chất lượng nước đã được cải thiện nhiều . Mình thích nhất là trà sữa truyền thống với trà xanh kem sữa - uống rất vừa miệng , kem sữa ăn k ngán . Nhân viên ở đây rất là thân thiện , các bạn pha chế hơi bị đẹp trai luôn . Với mình - thì bỏ 35k uống 1 ly trà sữa truyền thống của Palance rất đáng . Sẽ ghé quán nhiều 💛",4
15,"Đã uống quán từ ngày khai trương, phải nói ngày đầu quán làm nước quá tệ, mất vị và ko cảm thấy gì. Nhưng nhìn vào mức đầu tư, mình quyết định tin tưởng uống thêm 1 lần nữa vào 3 ngày sau khai trương. Phải nói là đã có sự thay đổi rõ rệt luôn, mình gọi 1 matcha và 1 trà sữa truyền thống, không như ngày đầu, vị trà toát lên được, trân châu cũng ngon hơn. Cái chính mình muốn nhắc đến là matcha, làm cực ngon luôn. Chắc các bạn pha chế đã được góp ý điều chỉnh lại hay sao ý.
Dù vậy giá vẫn còn khá cao, hi vọng sắp tới quán có thêm nhiều chương trình khuyến mãi hơn.",4
16,"Quán mới mở nên cũng có vài sai sót,chỉ mong anh quản lý của quán xem lại mình một tí nhé,vì chuyện này đến từ ý thức anh ạ:
1. Mô hình quán tương tự như Koi,Gong Cha... nhưng đã học tập thì nên học đến nơi đến chốn,yêu cầu khách hàng xếp hàng và lấy bill theo stt để phục vụ nhưng lúc lấy trà sữa thì lại gây khó chịu cho khách. Lúc xếp hàng có một chị chen lên phía trước mình để đòi order trước,được nv nhắc nhở nên chị ấy mới chịu xếp hàng,còn tỏ vẻ quen biết quản lý,ok bình thường. Và lúc lấy trà sữa,mình số 87,chị kia số 88, chính anh quản lý gọi chị ta lên lấy trước chứ không phải mình hay anh có bill số 86, anh à,12 năm học toán, bây giờ em mới biết số 88 nhỏ hơn 87 đấy! First-come,first-served là cái nguyên tắc đầu tiên phải nhớ khi phục vụ khách hàng,em nghĩ điều này anh rõ hơn ai hết đúng không? 
2. Giá quá chát cho 1 ly trà sữa mùi vị không ra gì,mình mua vì nv giới thiệu chương trình mua 2 tặng 1 của quán : 2 ly trà sữa hương xoài và hương đào,1 ly trà ô long,chọn loại đơn giản để biết mùi vị quán này ra sao,thất vọng toàn tập, 2 ly trà sữa không ra vị gì ngoài vị chua! 
3. Quán nên xem lại mẫu ly take-away nhé, nắp rất dở,nhìn có vẻ chắc chắn khi dùng vì chỗ cắm ống khá hay,nhưng khi mình mang đi thì nắp lỏng lẻo,làm đổ hết trà sữa lên đồ,rất bực mình.
4. Nhân viên thân thiện,nhưng rất lóng ngóng vì không ai rõ phần việc của mình,quán mới nên chuyện này cũng hay xảy ra,có thể thông cảm.
5. Không gian quán khá chật,hơi bí,máy lạnh chạy tiết kiệm điện cho Nhà nước lắm,đáng khen :)
6. Tính ngồi tại quán cho tiện nhưng lại không cho để xe nên thôi mang đi vậy.
P.s: mình đến mua vào lúc chiều ngày 6/8
Chắc chắn là mình sẽ không bao giờ đặt chân vào cái chỗ đã tốn tiền còn rước thêm khó chịu vào người như này nữa. Không thân!",1
17,"mình từng uống nhìu thương hiệu trà sữa nổi tiếng và những quán trà sữa thường, tuy nhiên Palace Tea thì k thể so sánh với những thương hiệu nổi tiếng như gongcha hay koi hay ding tea, palace tea làm mô hình gần giống như những thương hiệu trà sữa nói trên thôi, về phần thức uống thì "" quá sức dở"" không bằng 1 góc pham hous còn về phần chân trâu đen thì đóg cục không hút lên đc nói chung là rùn mình,trân trâu trắng thì làm hạt to và k ngon "" tóm lại chất lượng k xứng với giá tiền"" 35k/ly trở lên thì ok nhưg chất lượg thì tệ wa",2
18,"Cảm nhận của fan trà sữa. Giá cả mình ko bàn
Nhưng chất lượng. Nói thật là ko ngon. 
Giá thì ngang với Ding tea vs Gần bằng Gong Cha đấy.
Nói chung ko vừa lòng lắm. 
Chúc may mắn lần sau!",2
19,"Quán mới khai trương sáng nay nên thu hút được nhiều bạn trẻ đến thưởng thức và vui chơi, nghe anh chủ quán mặp mặp dễ thương nói đây mới là bước khởi đầu cho quán nên chỗ ngồi hơi ít 1 tí, sang tuần quán có nhiều không gian hơn để chúng mình có cơ hội sống ảo các kiểu... các bạn nhân viên ở đây khá nhiều nên việc chờ lấy nước sau khi tính tiền cũng khá nhanh và thuận tiện, các bạn phục vụ tận tình lắm nha... điểm cộng cho quán... về nước uống thì nước uống khá đặc biệt và mùi vị rất đặc trưng cho từng loại, mình uống cảm giác rất ngon và vừa miệng ko ngọt quá... iu mất rồi chắc gắn bó dài dài... ahihi chúc quán mua may bán đắt nhé mãi iu... quán mới khai trương nên có rất nhiều ưu đãi đặc biệt và khuyến mãi 1 ly khi mua 2 ly trong giờ vàng đấy...",4
20,Có giao ở Phước Lộc không vậy?,2
21,"Đi dạo siêu thin xong, con em nó bắt phải vào ăn gà ở Jollibee cho bằng được. Tính ra cũng tiện. Mua sắm xong rồi ghé ăn trưa cũng ok. Mình đi ngày thường nên quán khá vắng khách. Nhân viên ở đây cũng dễ thương nè, nói chờ chút là có ngay liền phần cơm hai miếng gà bự. Mình không thích ăn gà rán loại này nên thấy bình thường, nhưng con em lụ đạn thì vừa aen vừa khen ngon, ly trà đào cũng được. Giá ở đây tương đối, không quá đắt, buổi trưa ăn ở đây ổn.",4
22,"Trời mưa đi ăn gà rán là ngon hết sẩy, gà ở đây không quá bột chiên rất là giòn , và gà rất là thơm. hôm nay tụi mình đi 5 đứa và mỗi đứa một cái đùi gà và một đĩa mì Ý , mì thì hơi cứng không được dai, giá cả thì khá là đắt thích hợp cho những người có điều kiện , không gian thì rộng và đẹp được trang trí rất là bắt mắt , mình đến vào dịp Noel nên được tặng một cái ly thủy tinh , sẽ đến nữa khi lúa của mình đầy túi",4
23,"Thương hiệu gà rán nào cũng có kem của mình, Jollibee cũng vậy.
Ăn gà rán xong thì ăn kem tráng miệng đi nè, kem béo béo thơm mùi sữa ăn thích ha, giá rẻ nữa, có mấy ngàn 1 cây to oạch, ăn 1 cây là no rồi.
Mà kem khá ngọt nên ai không thích ngọt thì sẽ nhanh ngán ấy.
Nói chung là với giá cả như vậy cho một cây kem như thế theo mình là hợp lí lắm rồi.
À mà Jollibee hay có các chương trình khuyến mãi lắm ấy, với hay có chú ong Jollibee hoạt náo trước tiệm nữa nên trẻ con thích lắm!",4
24,"Mặc dù người lớn hay dặn dò đừng ăn gà rán quá nhiều, đừng ăn đồ chiên dầu mỡ quá nhiều, nhưng liệu có mấy ai cưỡng lại được sức hấp dẫn của gà rán hay không? :v
Ở Quy Nhơn, ngày nào chán quá không biết ăn gì thì hẳn là sẽ đi ăn gà rán, mẹ không nấu cơm, cũng sẽ dắt em út đi ăn gà rán. Ăn gà rán ở đâu? Quy Nhơn có 4 thương hiệu gà rán luôn, nhưng em mình hay đòi ăn Jollibee nhất, tại nước chấm ở đây không cay, ở đây còn có mì Ý nữa. Jollibee có 2 tiệm, 1 là ở tầng 1 Kim Cúc Plaza và 1 ở Nguyễn Huệ, gần ngay Nice Cafe ấy.
Cá nhân mình thấy gà rán ở đây ngon mà, nước chấm ngọt ngọt chua và ít cay nên dễ ăn ^^",4
25,"Món ăn ở đây rất ngon. Gà rán hay gà nướng các loại đều rất hợp vị, gà rán giòn,không bị bở. Đặt biệt gà phô mai nhiều, phômai thơm, béo lắm luôn. Ngoài ra ở đây còn có bán các loại nước trái cây, cf , soda các loại. Và cách phục vụ của các bạn nhân viên, niềm nở, chu đáo, nhiệt tình và lễ phép với khách 
Hôm rồi mình đi sinh nhật cháu gái tại jollibee, cảm thấy rất thích không gian ở đây .Phù hợp để tổ chức sinh nhật, hội nhóm bạn bè 😍",4
26,"Lang thang tại kim cúc plaza với thèn bạn thì thấy đói bụng quá liền ghé vào jollibee ở đây ăn thử. Ở trong này người ta chuộng jollibee hơn lotte hay kfc thì phải. Thấy khá đông. Về chất lượng thì món ăn của jollibee có mùi vị rất khác và đặc trưng. Khoai tây thì ko ngon bằng, nhưng kem thì cực ngon. Ngon hơn và lâu chảy hơn :3 mỳ ý ăn khá vừa miệng, gà giòn thì bột giòn nhiều, nhưng mình thấy gà lotte ngon hơn. Có điều gà sốt cay bên này ăn cực khoái luôn, rất đáng để thử !!!",4
27,"Mình đến jollibee chỉ để ăn kem các cậu ạ 😂 
Quán rộng nhưng bố trí khá chật hẹp, gây cảm giác bị bàn khác soi khi ăn luôn ấy :(((. Còn về phần phục vụ thì có vẻ khá chậm chạp. Dao nĩa thì khá ít. Một lần đi lấy rất rất bực luôn đấy -.- thức ăn ( trừ món kem) thua xa Kfc và Lotte. Nhưng điểm cộng là món ăn phong phú hơn và món kém khá ngon. ❤️",4
28,"Jollibee - mình đến đây ở đây chỉ vào những dịp có khuyến mãi . Vì không gian ở đây rộng nhưng bố trí bàn ghế chật hẹp , nóng nực , khó chịu . Nhân viên phục vụ chậm chạp . Joli không như những quán gà rán khác , mỗi lần lấy tương là phải đi xin nhân viên khổ sở và rất lâu - tương không ngon , mùi hăng khó ngửi . Dụng cụ dao , nỉa rất ít . Khi đi lấy thì mới vừa rửa xong , còn ướt và có mùi nước rửa chén . Gà quá nhiều thịt , bên trong còn dầu khá ngán . Khoai tây chiên bào sợi nhỏ nên mau bị mềm . Nước coca đi kèm ít . Cơm khô , rời rạc , không thơm . Joli được mỗi cái kem ngon hơn KFC và Lotte , kem có mùi sữa , thơm , béo . Giá cả ở đây đắt hơn Lotte . Nhưng thu hút được nhiều em nhỏ vì ở đây có chú ong vui nhộn , đến ăn và chụp hình rất dễ thương . Sẽ đến quán với những dịp khuyến mãi ❤️",4
29,"Đồ ăn bình thường, nước sốt không được ngon, mỗi lần đi lấy dao nĩa phát mệt. Đươc cái kem ngon hơn ở lotte nhiều",3
30,"Thật sự thì cách bài trí cũng như thức ăn , uống ở đây k bằng lotte. Lotte ở ngay kế bên ăn ngon hơn, quán lotte cũng đông khách hơn.",2
31,"Mình không có cảm tình với chỗ này lắm dù không gian trang trí được, có nhiều chương trình hoạt náo hơn Lotteria hay KFC,... Thức ăn giá ngang với các chỗ khác nhưng chất lượng không bằng. Kem cũng tệ hơn nhiều nữa.",2
32,"Nho xanh #sugarcrunch của Mỹ, giòn rụm mà nó ngọt ta nói như đường phèn, quá ngon luôn í 😋",5
33,"Chỗ này có bán mấy loại trái cây ngoại nhập nà, giờ có thêm cả bánh kẹo nữa, gì chứ socola ngoại là ngon đúng chuẩn luôn, có socola tươi như mama, có cả socola đóng hộp nữa. Valentine đến đây mua sicula tặng bạn gái rồi mua thêm trái cây ăn tráng miệng khỏi tăng cân nữa. Kết hợp hoàn hảo luôn ))",4
34,"Ở quy nhơn mà thèm cherry thì khó tìm dễ sợ luôn, lên foody lùng sục một hồi mới tìm thấy chỗ này bán cherry nhìn tươi ngon nè hehe. Món này tuy mắc một tẹo mà ăn tốt cho sức khỏe lắm đó nha, đẹp da, đẹp dáng đủ kiểu luôn. Nên dù giá mắc mà cũng chịu khó để đầu tư cho mình hê hê.Trái cây ở đây thì tươi ngon, nhìn là đã muốn ăn rồi hê hê. Mình mua cherry ở đây 1kg là 490k/kg đómà về bỏ tủ lạnh rồi ăn từ từ ngon muốn xỉu luôn keke",4
35,"Mình đi học và làm việc tại thành phố***đã từng trải nghiệm qua nhiều siêu thị thuộc BIG C tại TP*** cá nhân mình thấy từ nhân viên đến giá cả đều khá hài lòng. Tuy nhiên vào dịp về quê Quy Nhơn lần này mình cảm thấy rất không hài lòng đối với thái độ nhân viên tại BIG C QUY NHƠN.
1.Vào thời điểm đang có dịch bệnh mà 1 nhân viên nữ security (mặc váy, đứng gần cổng vào khu mua sắm ) không mang khẩu trang
2.Cũng chính bạn nữ ở trên có thái độ không tốt với khách hàng. Mình đi siêu thị thường đeo chiếc túi tote để tiện bỏ đồ và bảo vệ môi trường nên hay nhờ nhân viên security niêm phong rồi mới vào khu vực mua sắm. Khi mình đến vào nhờ giúp :' chị ơi niêm phong giúp em chiếc túi."" bạn nhân viên trả lời trống không"" không niêm phong qua bên gửi đồ""!!! Mình đã từng đến đây và các nhân viên khác đều niêm phong túi cho mình. 
3.Việc đi mua sắm ai cũng mua cho mình thứ tốt và hợp lí. Mình sang khu thực tươi sống tại quầy bán thịt heo, có nhiều miếng thịt đc cắt nguyên và 1 miếng cắt nữa. Vì miếng cắt nửa không phù hợp với mình ( phần mỡ heo nhiều ). Mình có nhờ nhân viên khu thực phẩm này cắt cho mình 1 miếng khác. NHƯNG chị nhân viên này bảo"" có miếng nhỏ này chị mua đc thì mua còn miếng lớn em không cắt đc, miếng lớn em chỉ cắt khi bán mất miếng nhỏ, chị mua thế rồi em bán cho ai"" .Tôi muốn hỏi nhiệm vụ của nhân viên khu thực phẩm này là gì là bảo đảm bán được hết hàng cho siêu thị hay sao hoặc nhân viên đó được thu lợi gì nếu bán kiểu như thế. 
NÊN CHỈNH ĐỐN THÁI ĐỘ NHÂN VIÊN DÙ CÓ BÁN RẺ THÁI ĐỘ NHÂN VIÊN NHƯ THẾ THÌ TÔI CÓ HÀNG TÁ SIÊU THỊ ĐỂ MUA SẮM.",1
36,"Đồ ăn thưc uống gía cả tất cả đều ok. NHƯNG cách phục vụ khách hàng của nhân viên chăm sóc khách hàng khi gọi hàng qua điện thoại hoặc zalo thì quá kém. nói chuyện với khách thì không chủ ngữ vị ngữ, thích bán thì bán không thích thì không bán, công ty tôi đã gọi hàng của BIGC cũng khá lâu rồi và rất nhiều lần tôi bị nhân viên đó tỏ thái độ với tôi nhưng tôi bỏ qua vì không muốn đôi co với chị ấy nhưng lần cuối cùng tôi cảm thấy bức xúc nhất đó là mới đây vào lúc cuối năm. tôi gọi hàng bằng nhắn tin zalo, tin nhắn trước là gọi hàng, tin nhắn sau là nhờ chị ấy hóa đơn tôi nếu trên 500k thì mua giúp tôi 1 thùng coca khuyến mãi và 2 tin nhắn chỉ cách nhau 2 giấy nhưng chị đó không muốn làm giúp tôi mà nói rằng ""đã ra hóa đơn rồi tôi có muốn mua thì mua không thì hủy hóa đơn"". khi tôi bị chị đó nói như vậy tôi cực kỳ bức xúc và tôi nói chị ấy rằng ""chị ơi sao e thấy mình bán hàng bán giống như không cần khách gì hết vậy chị?"". chị ấy liền trả lời với tôi rằng ""vậy thì từ nay về sau em tự đi mua, chị không giao hàng cho em nữa"" và liền chặn zalo tôi luôn. Nói thật khi e đi mua hàng của siêu thị mình e thấy những ac nhân viên khác phục vụ rất tốt nhưng khi e gọi hàng giao qua công ty giúp e mà khó chịu và khó khăn với khách hàng như vậy vậy thôi mình mở dịch vụ đó ra để làm gì ạ. thật sự e rất bức xúc e mới lên đây nói chứ e cũng chẳng muốn nói làm gì ạ. Em cảm ơn ạ",2
37,"Siêu thị khá đầy đủ dụng cụ nhưng không gian bị bó hẹp ( so với cách đây 3 năm lúc mới mở ) nên những bạn từng đi trước đây sẽ thấy khá khó chịu và tù túng . Giá khá rẻ ( chỉ chênh thị trường tầm 5-20k ) . Bánh kem và đồ ăn ở đây làm khá ổn , mức giá rẻ . Ở đây có nhiều món đồ be bé để trưng khá dễ thương cho cách bạn thích phong cách hàn quốc . Nếu có nhu cầu mua sắm đây là địa chỉ khá uy tín nếu bạn sợ bị hớ khi trả giá ở ngoài ! Vị trí gần bến xe , cách trung tâm thành phố khá xa nên không thuận lợi lắm cho các bạn . :)",3
38,"Nge nói đây là loại socola Karmello nhập từ Balan. Mẫu mã đẹp thiệt và dự là sẽ rất hot trong mùa valentine năm nay )) 1 hộp là 30 viên, được mix 30 mùi khác nhau với 30 hình khác nhau luôn. Nge nói chất lượng rất ổn, giá thì tầm 340-350 một hộp thì phải. Valentine mà ko có anh nào tặng thì cũng đang định tự mua 1 hộp về ăn cho biết mùi sicula Ba Lan :))",4
39,"Vị vừa miệng cực. View đẹp không lối về luôn. Có điều hôm m1 mình đi quán hơi bừa bộn tý.

Nước mơ uống ngọt gọt chua chua không bị ngọt gắt hay chua lè như mình từng thử, vị ổn lắm luôn. 
Sữa chua trái cây thạch dừa, cần gọi gấp vì thạch ngon lạ miệng ăn giòn giòn ngon xuất sắc !!! 

Giá rẻ thôi rồi chả nhớ có cộng thêm phụ thu gì luôn :))))",5
40,"Hôm nay đi cà phê sớm , gọi một dĩa mì xào bò và ly trà thảo mộc ra nhâm nhi . Mì xào giá 30k gồm mì , bò và một ít rau củ . Theo mình giá không mắc lắm vì bò khá nhiều , nêm cũng vừa ăn . Nhưng mình lại thất vọng bởi ly trà thảo mộc , vị chua khó uống và kết quả mình đã bị đau bụng . Điểm cộng là nhân viên lịch sự , nhiệt tình . Quán không gian thoáng mát , mở nhạc nhẹ nhàng , có nhiều view sống ảo đẹp",4
41,"Tuần này chợ phiên có thêm mấy gian đồ ăn nè . Chân gà rang muối , bánh tráng mắm ruốt , khô gà lá chanh, cá viên chiên và dâu tây . Về chất lượng thì mình thấy món chân gà khá ngon , rang muối nên đã vừa ăn , ăn giòn giòn , mặn mặn cũng hấp dẫn . Cá viên chiên cũng không có gì đặc biệt . Khô gà lá chanh và bánh tráng mắm ruốt ngon . Ăn vô uống nước no luôn :)) . Còn mấy em dâu tây thì trái hơi nhỏ và ít mọng , nhiều trái hơi chua quá . Hy vọng nếu lần sau có tổ chức sữ có thêm nhiều gian đồ ăn hơn cho mấy đứa ham ăn như mình lựa chọn haha",3
42,"Điểm sáng của phiên chợ lần này chính là quầy bán phụ kiện này . Nếu là fan của doreamon và hello kitty hay các nhân vật hoạt hình thì đây sẽ là thiên đường dành cho các bạn . Shop bán đủ loại từ hộp bút , giấy dán tường , móc khoá , găng tay , tất , mũ len , mũ nồi ... tất cả các mặt hàng có giá chỉ từ 3k như sổ cho đến các mặt hàng có giá trên 100k như giấy dán tường . Mình thấy chất lượng và giá cả tốt và rẻ hơn so với thị trường . Các bạn có thể theo dõi fb châu ngọc huyền để mua nha",4
43,"Chợ phiên này quả thực là làm người ta thất vọng . Theo như quán quảng cáo thì chợ có sức chứa 80 quầy nhưng thật ra chỉ có 8 quầy thôi . Không gian của quán cà phê nên khá chật chội . Có gian bán quần áo , mỹ phẩm, phụ kiện . Đồ ăn thì quán có bán luôn . Nói chung mình khá thất vọng về quy mô nhưng chất lượng của khá ok . Giá cả của các mặt hàng tương đối rẻ và chất lượng khá ok . Nếu như quy mô đúng như lời quảng cáo thì đây hứa hẹn sẽ là một địa điểm mua bán hợp lí dành cho các bạn tuổi teen và sinh viên",4
44,"Rất tuyệt , địa chỉ mua laptop , linh kiện máy tính chính hãng giá rẻ , luôn có giá tốt nhất cho các khách hàng đặt trước hoặc đặt hàng online",5
45,Đồ uống thì không có chi hấp dẫn. Vô kêu loại phổ biên như Gin Tonic mà bảtender cũng không biết là gì. Phục vụ thì cũng hok chu đáo lắm. Điểm 5/10,2
46,Vị trí ngay trung tâm thành phố vô cùng tiện và cũng khá kín đáo. Không gian phù hợp cho thanh thiếu niên không phù hợp cho người lớn lắm (ở càe còn nhà hàng mình chưa lên nên khong đánh giá được). Giá cả theo mình thấy là cao bf lại chất lượng tương đối tỉ lệ thuận. Cảm thấy nếu đi với người yêu hay cúp cua thì các bạn nên vào đây hehe.,3
47,Cafe ở đầy ko gian thì đc. Nhưng fục vụ thì chưa ổn. 1 hoặc 2 nhân viên thiếu nhiệt tình làm ảnh hưởng chung đến wán.,2
48,"Mua sắm sinh viên, đồ đạc đa dạng, giá lại hạt dẻ nữa",4
49,"Đây được ví như "" phố đi bộ "" của Quy Nhơn . Ngàn lẻ một món bạn cần đa số đều có thể tìm ở đây . Từ mũ , nón , giày dép , quần áo .... bla bla . Từ bình dân đến sang chảnh . Đây cũng là khu tập trung điểm hẹn cho các bạn nếu muốn đi dạo mà không biết đi đâu . 
Tuy nhiên ở đây bạn phải hết sức cẩn trọng với nạn móc túi . Siêu tặc ở đây khá nhanh và nguy hiểm nên mình kiến nghị nên giữ tư trang cẩn thận mặc dù bảo vệ dày đặc . Hàng hoá khá rẻ , cứ trả giá nhiệt tình mà không bị mắng vốn . Đây là địa chỉ yêu thích để mua sắm đối với sinh viên nghèo như mình",5
50,"Chợ đêm thần thánh thứ gì cũng có đây . Thiệt sự là đến đây cần gì cũng có , từ mỹ phẩm , phụ kiện , gấu bông các kiểu . Giá cả thì khỏi phải nói rồi , cực kì sinh viên luôn . Mấy thanh niên dẫn gấu vô đây đi shopping thì khỏi cần nhìn giá luôn nè . Kính mắt giá siêu rẻ , chỉ 50k 1 cái thôi , chất lượng thì tất nhiên không được bền rồi . Chợ đêm mới thiệt sự là đã quá xá , cảm giác như đang ở xì phố luôn vậy",4
51,"Đại lý phân phối thực phẩm, hải sản chất lượng tốt nhất Quy Nhơn",4
52,"Cách đây mấy ngày, mình có cô bạn ở Miền Nam ra chơi, mình không biết mua gì làm quà đặc sản cho cô ấy. Nên dắt cô ấy vào đây. Vào rồi mới biết mình càng sai vì quá nhiều đồ đặc sản nổi tiếng của Bình Định làm mình và cô bạn càng không biết chọn cái gì, vì nhìn cái gì cũng đã mắt cả. Đẹp từ hình thức còn bên trong nội dung thì bọn mình mua về mới thử. Khá là ngon và chất lượng. Cũng kiểu là siêu thị nên bọn mình được phép tham quan khá thoải mái. Nhân viên rất lễ phép và lịch sự nữa.",5
53,"Đc biết cơ sở Phương Nghi nà là nơi chuyên bán các sản phẩm đặc sản của Bình Định nè, nên bữa nọ đi Quy Nhơn là qua đây mua ít bánh trái về làm quà cho mng` ở nhà 😍

✔️ Bánh mua mang về là Bánh Hồng. Thực sự mình chưa baoh ăn bánh này cả, đây là lần đầu tiên luôn ấy. Bánh ăn giống kiểu bánh chè lam, nhưng bột bao ngoài bánh mịn và ngọt hơn bánh chè lam. Với cũng k bi cứng như bánh chè lam. Nhân bên trong chỉ có dừa thôi, k có vừng lạc gì cả. Bánh ăn ngon lắm, thanh thanh dịu ❤️❤️❤️

❌ Mỗi tội k ưng cái là bánh chỉ có HSD trong 3 ngày, nên fai ăn nhanh k bánh hỏng mất",4
54,"Năm trc đi mà quá đông đúc. Nhiều gian hàng và giá cả ok
có nhiều chương trình ca nhạc hấp dẫn và bôc thăm phần thưởng may mắn nữa
Năm nay tổ chức từ 04/07 - 09/07
mai chuẩn bị ví tiền để đi hội chợ :)",4
55,"Hội chợ mở lần 2 ở quy nhơn, tại quảng trương luôn
Hội chợ HVNCLC lần thứ 11 tại Bình Định với sự tham gia của 150 doanh nghiệp cùng 400 gian hàng, nhiều hơn so với năm 2016 (130 doanh nghiệp, 300 gian hàng), mua sắm thỏa thê luôn
Hội chợ năm nay có nhiều điểm mới
 Triển lãm sản phẩm doanh nghiệp HVNCLC – Chuẩn hội nhập
 Bán hàng nông đặc sản XANH TỬ TẾ 
 Ngày vàng đồng giá
 Cuộc thi: “Đại hội bếp chiến”
 Chuyến xe bất ngờ
 Gameshoow trên sân khấu chính
 Huấn luyện về các bước bán hàng cơ bản cho doanh nghiệp vừa và nhỏ
 Chương trình bốc thăm trúng thưởng trên vé vào cổng
 Chương trình ca nhạc sân khấu hằng đêm 
 Hội chợ HVNCLC Bình Định sẽ miễn phí vé vào cổng từ 8g30 – 16g00 hàng ngày, sau 16g00 người tiêu dùng chỉ mua 10.000 đồng trên vé vào cổng.",4
56,"Mình ở xa về tình cờ đi dạo đường trần phú thấy shop dễ thương nên ghé vào. Thật sự là shop rất dễ thương từ chị chủ shop đến nhân viên phục vụ. Chị shop siêu tâm lý tư vấn cho mình rất thân thiện, đầm ở đây đa phần là đầm thiết kế nên mình cảm thấy không đại trà như những shop khác. Mình mua 1 lần 5 mẫu nên được chị shop giảm giá vui vẻ nữa, sẽ ghé lại lần sau",5
57,"Dáng mình hơi tròn tí nên thích mặc đồ dạng freesize đơn giản, thoải mái, tuy vậy ở quy nhơn tìm 1 shop chuyên hàng thiết kế thì hơi khó đa số hàng quảng châu
Tình cờ bạn dẫn tới May thế là mê tít luôn, các mẫu đơn giản nhưng phù hợp với sở thích của mình. Tiền nào của nấy nên mình thấy rất okie, cô chủ shop vui vẻ thân thiện với khách, cho 10 điểm về tất cả
Đây sẽ là địa chỉ số 1 trong list danh sách shop mình ghé",4
58,"Đã ghé May nhiều lần, rất ưng với phong cách thời trang nơi đây, vì là hàng thiết kế, đồ thường là phong cách freesize nên độ độc hơn so với các hàng quảng châu khác, nói chung rất là ưng
Khuyết điểm: So với các shop khác thì hàng ít
Ưu điểm: chất vải và kiểu dáng khá ưng ý",4
59,Shop bán đồ 2hand đẹp nhất mình từng biết,4
60,"Tiệm có máy móc hiện đại, giá cả hợp lí, chăm sóc khách tận tình. Sẽ tiếp tục ủng hộ tiệm",4
61,"Đủ loại đặc sản , món ngon từ mực rim , cá khô, bánh hômgf, banh ít các loại đều có , gia cũng khá mềm , chỗ này đông lắm , hầu như khách du lịch đều đên đây mua quà khi den quy nhơn , mình giơi thiệu cho nhièu bạn minh den đây mua đeeuf khá ok ,",4
62,"Được cô chị đi du lịch mua bánh hồng cho ăn, lần đầu trong đời ăn bánh ngon như vậy.
Chỉ dám ăn 1 chiếc rồi mang đến cho mấy đứa ở cty, đứa nào cũng khen ngon.
Vỏ ngoài bọc một lớp bột trắng trắng, tiếp đến là lớp bánh dẻo quẹo, bên trong là nhân dừa tươi, ăn vừa bùi vừa thơm, sừn sựt, vui tai cực.
Một miếng bánh khá to, ăn tầm, 3 miếng là no à.
Mình cũng không biết giá cả thế nào nhưng nếu ngoài Hà Nội mà bán thì chắc chắn sẽ mua.",4
63,"Có mấy complain là shop này nhân viên không thân thiện nhưng mà mình đến thấy cũng ổn mà. K care lắm vì lựa giày tính tiền rồi về thôi. Nhiều loại giày tập trung 1 chỗ nên dễ lựa hơn. Với cả mấy loại giày có kmai chắc cập nhật trong máy tính tiền rồi nên k có chuyện nhân viên gian lận đâu, có khi nhầm thôi. Giày đang sale cũng khá rẻ",4
64,"Mẫu mã đa dạng, kiểu dáng phong phú. Nam hay nữ đến chọn đều được. thấy sale nhưng nhân viên hỏi size là đi lấy liền không chảnh mảng, rất nhiệt tình. sale nên xác định đông lắm, chen mãi mới mua được một đôi cho đứa bạn. Giày sale giá ổn còn được tặng tất nữa",4
65,"Hàng hoá đa dạng, uy tín và tuyệt vời đặc biệt Rượu Vang và Pha chế",5
66,"Chỗ này nằm ngay rạp phim 31-3, cũng khá có tiếng. Ở đây có bán nhiều thứ lắm, gần như đầy đủ đặc sản quy nhơn: dầu dừa, rượu bàu đá, bánh ít lá gai, bánh hồng, bánh tráng nước dừa, nem chợ huyện, tế, bún song thằn, hải sản khô, hàng lưu niệm, mỹ nghệ, rượu nếp, nước mắm, kẹo dừa, kẹo chuối, mắm nêm, mắm ruột, nón võ, kẹo đổ, bánh tráng khoai lang. Giá cả cũng hợp lí so với mặt bằng chung. Ở đây còn có thể đặt tour du lịch nội địa và trong tỉnh. Chị bé nhân viên tư vấn rất nhiệt tình",4
67,"Ở đây là nơi tập trung các loại kem như Merino, Celano, Welyo, Kool, Yeah, Passion... các thương hiệu nổi tiếng đều có hết ở đây... nên các bạn nào muốn ăn thì ghé đây nhé... quán chủ yếu là bỏ cho các xe chở kem đi bán trong khu vực thành phố nên giá thành tương đối rẻ và kem thì bao ngon nha... mình rất thích mùi vị trà xanh của kem bánh Celano, mùi socola đắng của Merino, và hương vani của Yeah... vậy thì sao ko đến thưởng thức nào... giá thành rẻ mà kem lại ngon... không khi nào hết kem bạn nhé...",4
68,"Ở nhà đang dùng điện thoại thì cháu lấy quăng. Làm hư mất cái điện thoại nên mới xuống tiệm này sữa. Tiệm không lớn nhưng thợ sữa điện anh này nhiệt tình. Giá cả cũng phải chăng nữa. Tiệm có bán card, ốp lưng, phụ kiện và diện thoại cũ mới. Cửa hàng này cũng có bán xe đạp không phang nữa. Xe đạp có nhiều loại giá cả phù hợp cho từng đối tượng. Có bán phụ tùng và sữa chữa xe đạp nữa nha. Ai cần gì thì xuống tiệm này có hết nhá.",4
69,"Rượu đa dạng, giá cả hợp lí",5
70,"Mấy bữa nay thấy rần rần mấ bà vịt bự chà bá ni được chụp choẹt quá trời luôn nè. Lùng sục một hồi thì tìm ra được chỗ thuê ẻm, Giá thì chắc là hơi mắc tẹo. Tận 100k/ngày ( kèm bơm điện ). nhưng mà vì mục đích sống ảo thì chắc cũng ráng đầu tư 1 ngày ))
Bán lẻ thì 850k/thiên nga, 370/bánh donut. bạn nào muốn làm ăn thì mua đứt rồi ra mấy chỗ kì co cho thuê thì đảm bảo hốt bạc :))))",4
71,"Bình định hiện tại chỉ có một điện máy xanh ở chô này thôi, điện máy xanh thuộc thegioididong. Chỗ này cũng bán điện thoại như thegioididong nhưng có bán thêm các hàng diện máy, điện tử, đồ gia dụng, điện lạnh... Hồi giờ ai biết thegioididong phục vụ sao thì ở đây y như vậy. Ai mua gì mà trong này có thì nên mua ở đây vì chế độ bảo hành hay đổi trả ở đây rất ok. Mình đã từng mua máy xoay cháo mà bị lỗi lên báo là hoàn tiền ngay. Rất yên tâm mua",4
72,"Cửa Hàng chuyên buôn bán bánh kẹo các vật dụng gia đình nội trợ sỉ lẻ các loại và có hóa đơn... giá bán bằng giá thị trường và có thể rẻ hơn... đồ bán bao chất lượng bao rẻ,... địa điểm rất dễ tìm nằm ngay trên đường trần hưng đạo... cửa hàng đang bán các loại bánh kẹo tết các loại với cả ưu đãi... vậy các bạn đã mua sắm đồ cho những ngày tết đến chưa hãy tới 113D Trần Hưng Đạo để mua hàng để được những giá cả hấp dẫn nhé.. Bánh kẹo hàng ngoại nhập không nha bà con...",3
73,"Gần tới trung thu rồi, khắp nơi bày bán bánh nướng bánh dẻo. Nhà mình thì không ghiền vì hai loại bánh này ăn khá ngọt, nên chuyển sang ăn bánh pía sóc trăng. Loại này ở quy nhơn bán khá nhiều, từ tạp hóa, siêu thị tới cửa hàng chi nhánh, shop online. Mẹ mình vẫn quen mua ở đây vì có uy tín. Ngoài bánh pía thông thường 50k/gói ra còn có bánh pía chay 40k gói, bánh mè láo, phồng sữa, lạp xưởng khô, lạp xưởng tươi, lạp xưởng tôm, kẹo dừa sầu riêng, kẹo chuối, hạnh nhân nữa",4
74,"Mình về qn chưa được bao lâu , nhưng sở thích cắm hoa mỗi ngày làm việc vẫn giữ , vẫn đi mua hoa thường xuyên , nhưng vẫn chưa biết chỗ nào bán ổn nhất , qua 1 tháng tìm kiếm thi mình thấy shop nay ok nhất , hoa cũng tươi , giá lại ok nữa , chác chắn sẽ ủng hộ chỗ này dài dài",4
75,"năm thu là Một trong những cơ sở sản xuất nem nổi tiếng nhất ở quy nhơn, còn ở tuy phước thì không dám so sánh nha. Có nhiều cơ sở lắm, ở trần phú là chỗ gốc, còn có thêm cửa hàng ở hoàng quốc việc với cả võ lai. Ở đây ngoài Nem Chua ra còn có Chả Bò, Chả Lụa, Chả Thủ, Chả Quế, Chả Bầu, Da Bao, Giò Rút Xương….Giá cả hợp lí, được cái vệ sinh bảo đảm, không có hóa chất độc hại. Giá cả cũng hợp lí lắm, ngang so với mặt bằng chung",4
76,"iới Thiệu

Năm thu có rất nhiều cơ sở, một cái trên đường võ lai, một cái trên đường trần phú. Do nhà mình gần nên hay ghé bên hoàng quốc việt. Cơ sở chế biến thực phẩm Năm Thu chuyên sản xuất và cung cấp các mặt hàng đặc sản cổ truyền của người việt như: nem chua , chả lụa, chả bò , chả thủ, chả quế, chả lụa thủ, chả bò gân, chả bông, da bao, giò rút xương, giò heo xông khói. Giá cả hợp lí so với mặt bằng chung, cũng 20k/ chục nem chớ mấy",4
77,"Các sản phẩm ăn liền hiện có bán tại cửa hàng : mực rim , cá bò rim , cá lao rim , cá chỉ rim , cá cơm rim, cá thiều tẩm miếng , cá thiều cắt sợi , ghẹ sữa , bò khô miếng, bò khô sợi, gà xé cay, mực tẩm cán nguyên con, mực xé...Thích hợp  mua về làm mồi nhậu hoặc ngồi nhâm nhi với bạn bè. Ngoài ra còn có Rong sụn biển dùng để làm gỏi, nấu nước đường phèn để giải khát , nấu chè , nấu đông sương, mứt rong biển ăn liền và kim chi rong biển.
Địa chỉ cửa hàng : 131 Trần Cao Vân T.P.Quy Nhơn. 
Điện thoại : 0905828140 - 01215779779",4
78,"Ở đây có bán các loại bánh kẹo, mỹ phẩm, đồ thời trang, đồ nội thất các loại hàng thái lan hàn quốc nhật bản và cả mỹ... mình rất rất nhiều đồ giá cả phải chăng và nhiều thứ mình thích nữa như kẹo singum nè socola thái socola mỹ, bánh phồng tôm thái, bánh rong biển nhật, và có cả mỳ cay hàn quốc, tobokki hàn quốc... quán mở từ sáng đến tối nên bạn có thể tới bất cứ lúc nào... với lại bạn mua đồ sẽ được làm thẻ thành viên tích điểm với hóa đơn từ 5 triệu bạn sẽ đc nhận 1 voucher 200k vô thời hạn nhé...",3
79,"Đây là cơ sở một của nem chả bốn tạo. Có bán nem chua, chả bò , chả heo, chả quế, nem chiếc, nem cây. 
Khi đến với Bình Định bạn sẽ có ấn tượng rất đặc biệt của Chả Bình Định, đó là gói hoàn toàn bằng lá chuối và cột thắt ở hai đầu chứ không gói vuông 2 đầu như chả Bắc. Chả bò Bốn Tạo có mùi thơm đặc biệt của thịt bò, miếng chả có màu đỏ hồng, vị ngọt đậm đà, giòn và dai. Giá cả cũng ngang bằng so với mặt bằng chung. Bên này chị chủ rất nhiệt tình",4
80,"Bốn tạo có nhiều chi nhánh lắm, bên này ngay sát chợ quang trấn . Có bán nem chua, chả bò , chả heo, chả quế, nem chiếc, nem cây. Khi đến với Bình Định bạn sẽ có ấn tượng rất đặc biệt của Chả Bình Định, đó là gói hoàn toàn bằng lá chuối và cột thắt ở hai đầu chứ không gói vuông 2 đầu như chả Bắc. Chả bò Bốn Tạo có mùi thơm đặc biệt của thịt bò, miếng chả có màu đỏ hồng, vị ngọt đậm đà. Giá cả cũng hợp lí, 20k/ chục nem chua",4
81,"Nanu thì nổi tiếng lắm rồi í, mình đi đâu cũng gặp cả, mình cũng hay ghé để mua lắm, mà bạn bè mình hầu như ai cũng khen chất lượng bên này í. Không gian trưng bày giày của shop tuy hơi bé chút nhưng bắt mắt, đủ các loại giày để khách lựa chọn, kiểu dáng, mẫu mã cũng đa dạng phù hợp cho mọi người.",4
82,"Lần đầu tiên ở Bình Định bánh tráng bơ được đưa vào cửa hàng đàng hoàng. Trước giờ mình rất thích ăn món này nhưng cũng ngại vấn đề vệ sinh an toàn thực phẩm nên ít dám oder các bạn bán trên mạng. Nhưng nay có chổ này bán ăn có bị làm sao còn có chổ mắng vốn :))). Nói chung bánh ở đây ngon, bơ nhiều, đậu phộng hành phi giòn thơm. Bánh tráng bơ chỉ là một phần nhỏ của shop thôi, shop bán rất nhiều thứ luôn, kiểu như siêu thị đồ ăn thu nhỏ vậy. Để lần sau khám phá xem còn món gì nữa :))",3
83,"Shop bán đồ nam khá ổn , chất lượng mẫu mã phong phú , sẽ ủng hộ dài dài .",4
