 ,Review,an_uong
0,"Nhà hàng mới sạch sẽ ,phục vụ nhiệt tình ,không gian thoáng mát",5
1,"Nhà hàng không gian thoáng mát,sạch sẽ,hải sản tươi sống phù hợp nhu cầu du lịch cho gia đình,cơ quan và đoàn đông người.",5
2,"Được người bạn đi về giới thiệu gần FLC có nhiều Nhà Hàng hải sản bên làng chài và mình thử đi qua làng chài thì gặp được Nhà Hàng Bảo Nam ngay đầu đường vào Làng , điều ấn tượng nhất làng nhà hàng này có không gian sân vườn rất thoáng mát và được trang trí rất đẹp . Tuyệt vời hơn là người dân ở đây rất nhiệt tình và hiếu khách còn nói về phần thức ăn thì bao ngon luôn ạ, giá cả lại phải chăng và hải sản thì đang bơi luôn các bạn ạ .",4
3,"Kinh nghiệm cho bản thân và cho bạn khi đến khu vực nhơn lý . sử dụng dịch vụ kì co eo gió. Ăn uống hải sản tại nhà hàng bên nhơn lý . mình thì đi nhiều nhà hàng . thấy bên bảo Nam có nhiều thứ để bạn tìm hiểu dịch vụ ăn uống bên này . 
Rất đáng đồng tiền bát gạo .",4
4,"Đầu tiên nhận xét về thái độ phục vụ của chủ quán và nhân viên vô cùng tệ, khi bảo đưa menu chọn món thì lơ đi trong khi mua tour và ép buộc khách dùng món. Thứ 2 về món ăn các món ăn ở đây nêm nếm nhạt và lợ rất khó ăn. Vì nể***tài có quen biết mà dùng thử nhưng chỉ dám ghé đến 1 lần và kh bao giờ quay lại.",1
5,"Tôi thấy toàn review tốt và rate 9.2 ngạc nhiên quá, có lẽ có tiểu xảo. Vợ chồng mình vào, tổng cộng có 1 bàn đang ăn, bên ngoài có khoảng 3 kí ngao, 2 kí sò lông, 4 con ghẹ, 2 con tôm hùm và 1 con cá song, còn lại không có gì. Nên đành ăn cơm trứng, thịt lơn với giá không hề rẻ. Ở đây so sánh nhanh tôm hùm bán 1,8 tr trong khi Hoàng Thao 1,3tr/kg.
Quán cũng bình dân, được cái nhân viên tận tình.",2
6,Hello Trâm anh đi ăn nhà hàng bảo nam thì đồ ăn rất ngon và tươi❤️❤️,5
7,Nhà hàng có tất cả các loại hải sản 😍☺️ đồ ăn chế biến rất ngon và trang trí đẹp mắt,5
8,Nhà hàng hôm nay có nhìu hải sản tươi ngon 😄☺️☺️Không khí dể chịu nữa <3,5
9,"Bọn mình ở FLC nên gọi dt sẽ có xe đưa đón khứ hồi ra vào quán luôn, nhân viên nhiệt tình, đồ ăn tươi ngon, mực một nắng ăn lần là nghiện luôn, nhai vào là ngọt từng milimet luôn í😭",4
10,"Nhà hàng hải sản Bảo Nam phục vụ khách tham quan du lịch check in tại quán có nhiều món ăn hải sản biển tươi sống rất ngon miệng làm cho nhiều phương khách thập phương mọi nơi ùa về tại nhà hàng vừa thưởng thức những món ăn tại quán rất ưa và hài lòng, lại có nv tại quán tư vấn khách niềm nở chào đón vui vẻ hướng dẫn khách rất nhiệt tình, trong đó khách rất thích cảm nhận xe tại nhà hàng Bảo Nam có nv tài xế đưa đón khách đi đến các điểm tham quan như khu nghĩ dưỡng tại FLC group Nhơn Lý Quy Nhơn - Kỳ Co - Eo Gió để chiêm ngưỡng nhiều vẻ đẹp hùng vĩ thiên nhiên ban tặng làm cho nhiều du khách phương xa đến nơi đây du lịch rất hài lòng và ngưỡng mộ...👍👍👍
P/s: Xin chia sẽ thêm bài thơ tại Nhà Hàng Hải Sản Bảo Nam khu du lịch Nhơn Lý có vẻ đẹp ngắm bình minh tại địa danh Eo Gió nổi tiếng mang đậm nét dân gian như:
Bạn hiền về quê củ
Hương biển tỏa tình thơm
Tìm về kỹ niệm nhỏ 
Các vàng in dấu chân
Lh nhà thơ sđt: 0843007982",5
11,Đồ ăn siêu ngon :D cua ghẹ tươi sống và khá to ♥ ăn không ngon không lấy tiền,5
12,Hải sản tươi ♥ ăn ngon miệng ♥ khung cảnh sung quanh rất đẹp và mộng mơ ♥♥,5
13,Món ăn rất ngon và không gian của nhà hàng khá là mát mẻ ♥ ♥ nhân viên phục vụ chu đáo :D,5
14,"Bếp chế biến phù hợp với gia đình,nhân viên rất nhiệt tình,nhà hàng ko gian rất thoáng mát,thích hợp gia đình có e bé.",5
15,"Hải sản tươi sống ngon, giá cả hợp lý..",5
16,"Tham gia tour Kỳ co Eo Gió ở Nhà Hàng Bảo Nam Nhơn Lý , đã cho mình 1 trải nghiệm tuyệt vời , đồ ăn khá ngon . 
Hài lòng và sẽ quay lại . 
Thanks all !",5
17,Giá cả hợp lý.đồ ăn tươi ngon.có xe đưa đón miễn phí.,4
18,"Nha hàng thoáng mát cực kỳ. Mấy bạn phục vụ dễ thương làm sao ! Món ăn thì super ngon . Vì Chỉ muốn chia sẽ cho các bạn nhưng viết ko hay mất thời gian đọc. 
Vậy các bạn đến đi rồi sẽ cảm nhân. Thôi mình uống nốt lon bia rồi ngủ đây.bii bi thân ái",5
19,"Nhà hàng sân vườn , view bao đẹp , thoáng mát , rất thích hợp cho khách đoàn hoặc khách lẻ , hải sản phong phú , dễ dàng lựa chọn những món ăn thích hợp cho khẩu vị từng người và vùng miền , nhân viên nhiệt tình và lễ phép ,",5
20,"Giá cả rất hợp lý,đầu bếp nấu ăn ngon,rất phù hợp khách ở flc và du lịch eo gió kỳ co ghế đừng bữa ở đây.",4
21,"Dịch vụ tốt,tổ chức tours cbuyên nghiệp,nha hàng hải sản dxa dạng,đầu bếp rất phù hợp khách miền Nam",4
22,"Hải sản tươi ngon,nhân viên thân thiện,sân vườn thoan mát.rất thích hợp cho gia đình ăn uốn tại đây",4
23,"Hôm nay gia đình tôi đến nghĩ dưỡng FLC, cạnh đó có vài nhà hàng tuy nhiên sau nhiều vòng xe tham khảo tôi đã ghé đến nhà hàng bảo nam.
Nhà hàng thoáng mát có sân vường rộng rãi 
Có hồ hải sản lớn tùy mình lựa chọn hải sản tươi sống
Mình thấy nhân viên phục vụ thiệt tình chu đáo
Đồ ăn thì củng vừa miện, giá thì củng hợp túi tiền bình dân
Đánh giá nhà hàng 3* rất hài lòng",4
24,"Đầu bếp của nhà hàng chế biến đậm chất vùng biển,nhân viên phục vụ rất nhiệt tình,nhà gần ở gần flc rất thích hợp cho khách ở và nghĩ dưỡng ở đây,nhà hàng có xe đưa đón rất thuận.",4
25,"Nhà hàng hải sản tươi sống , phục vụ rất nhiệt tình , chị chủ quán vui vẻ , nhà hàng thoáng mát . Địa điểm gần khu nghỉ dưỡng FLC và Eo Gió . Sẽ quay lại vào 1 ngày không xa 😘😘😘😘😘😘😘",5
26,"Nhà hàng hải sản tươi sống , ngon và giá rẻ . Địa điểm gần khu nghỉ dưỡng cao cấp FLC , gần Eo Gió . Nhân viên phục vụ rất nhiệt tình , dịch vụ tour du lịch biển đảo Kỳ Co rất ok",5
27,"Nhà hàng rộng rãi, thoáng mát. Hải sản ngon, giá cũng hợp lý. 
Lần sau sẽ quay lại 

#haisaneogio #nhahangeogio #nhahangbaonam",5
28,"Mùa này là mùa du lịch của nhơn lý, ra đây phải ăn hải sản nha, bên này vừa có nhà hàng vừa có tour du lịch ra đảo nên rất tiện lun",4
29,"Món ăn ngon, giá rẻ, anh chủ thân thiện và nhiệt tình. Sẽ ghé lại lần nữa",5
30,"Thấy foody giới thiệu tour trọn gói 1 ngày mà có 300k quá rẻ nên mình đi thử
tour bao gồm đi cano nhanh, lặn ngắm san hô và thưởng thức hải sản nhơn lý
,anh chủ và nhân viên rất nhiệt tình. Very good !",5
31,"Tour du lịch biển Kì Co Bảo Nam - Trải nghiệm đáng để thử trong mùa hè này
Mình biết đến Kì Co như là một thiên đường biển đảo - Maldives của Việt Nam nên hè này đã lên ý định sẽ đến tận hưởng vui chơi ở đây. Còn đang loay hoay không biết làm thế nào để đi cho tiện thì được bạn giới thiệu cho tour du lịch trọn gói Bảo Nam chỉ với giá 300.000 đồng. Phải nói là mình cực kì hài lòng với gói dịch vụ của quán. Cano vận chuyển siêu nhanh, siêu êm, 5-10 phút đã ra tới đảo. Ở đây, mình được anh hướng dẫn viên chỉ dẫn rất nhiệt tình, tham quan tắm biển, lặn san hô, nghỉ ngơi trên bè nổi,... 
Chơi bời đã đời, mình được hướng dẫn về nhà hàng ăn uống, thức ăn ở đây rất ngon, hải sản tươi sống, nhân viên thì thân thiện, tận tình. Với 300.000 mà được đi và ăn như thế này thì mình phải nói là quá ok hợp lí. 
Mình đã chơi rất vui và ăn rất ngon nên chắc chắn mình sẽ quay lại Kỳ Co khi có dịp, và hiển nhiên mình vẫn sẽ chon tour du lịch của Bảo Nam.",4
32,"Dự tính đi Kỳ Co lâu rồi mà chưa có dịp, tình cờ thấy review về dịch vụ tour Kỳ Co trọn gói mà chỉ có 300k nên rủ anh đi luôn.
Vì vụ một thoáng là đến Nhơn Lý, được anh chủ nhà hàng đón tiếp rất nhiệt tình. Có cả xe đưa bọn mình ra bến, cano hiện đại ghê, đi 10p là đến đảo Kỳ Có rồi, ban đầu cứ sợ say sóng mà ngồi lên đi nhanh quá chưa kịp say :))) chả bù trước kia ra đảo đi bằng ghe nó lâu mà mình say sóng là hết muốn chơi gì nữa. 
Ta nói tai nghe không bằng mắt thấy. Quả thật được mệnh danh là ""Maldives"" của Việt Nam đâu có sai. Trời xanh, biển xanh, núi cũng xanh, cảm giác như đang lạc vào chốn thiên đường vậy đó. Chụp hình thì khỏi chê đâu đâu cũng là background tuyệt đẹp, mình làm nguyên cả album luôn.
Ở đây có cho thuê cái phao vịt giá 50k/h thôi, nhìn cute lạc lối dễ sợ. 
Tắm biển, chụp choẹt đã mình sang bãi dứa lặn san hô. Nước trong đến mức đứng ở trên bè mà cũng thấy được san hô luôn đó. Mình mệt nên ngồi trên bè nghỉ, có chú kia đi thuyền thúng bán nước dừa, trứng. Ngồi thả hai chân xuống nước vừa ăn uống thoải mái vô cùng.
Tiếp mình về nhà hàng tắm nước ngọt, quẩy đủ kiểu nên đói quá, nhà hàng phục vụ đủ các loại hải sản, thích nhất món hàu nướng phomai, chẹp...chẹp, nghĩ lại còn thèm.
Bọn mình đi có 2 người mà giá cũng 300k, quá rẻ có chuyến du lịch kỳ co. 
À quên bên đảo cũng có dịch vụ cho thuê cano siêu tốc giá 250k/h đó, quá tuyệt vời cho bạn nào thích trải nghiệm cảm giác mạnh.",4
33,"Mình được bạn giới thiệu cho tour kỳ co trọn gói 300k trên fanpage Du lịch biển Bảo Nam, thế là thấy cũng ok nên đặt tour bên đó luôn. Sáng cùng đồng bọn đến Nhơn Lý, anh chủ ra đón đến nhà hàng cực kỳ thân thiện. Tầm 9h đi cano ra kỳ co, cano xịn ghê, đi tầm 10p là đến đảo rồi. Bọn mình tha hồ chụp ảnh tắm biển các kiểu,cảnh đẹp mê hồn. trưa anh hướng dẫn viên của Bảo Nam đưa bọn mình ra bãi dứa lặn ngắm san hô thỏa thích xong về nhà hàng tắm nước ngọt, ăn hải sản muốn ngập mặt luôn, 8 món. là lá la nghỉ ngơi một lúc bọn mình về lại QN. Chuyến đi quá tuyệt, dịch vụ ok",4
34,"Thích thú vì về quê đi nhơn lý chơi. gia đình mình thuê qua nhà hàng này luôn vì được bạn giới thiệu và giá tour cúng phải chăng. 300k/người bao gồm di chuyển ca nô đi ra đảo và ăn trưa các món hải sản tươi k hà.
quy nhơn thì nổi tiếng vs hải sản tươi sống và giá rẻ
nhân viên nhiệt tình, vui vẻ
món ăn cũng hợp khẩu vị",4
35,"Anh chủ cực kỳ thân thiện luôn, nhà hàng hình như cung cấp dịch vụ vận chuyển luôn hay sao mà thấy các quán khác cũng liên hệ nhờ chở khách dùm. 
Cano đi nhanh dễ sợ, chỉ tầm 5 hay 10 phút gì đã ra đến bãi Kỳ Co. Chưa kịp say luôn (mình bị say sóng)
Nước biển trong vắt, cảnh thì tuyệt đẹp. Đi tham quan 1 vòng đã chụp muốn cháy máy. Công nhận ở cái nơi biển xanh cát trắng nắng vàng này, chỉ cần giơ máy lên chụp là đã có 1 bức ảnh đẹp rồi.
Tham quan tắm biển xong lại lên cano di chuyển qua bãi dứa lặn san hô, san hô ở đây nhiều và đủ màu sắc luôn. Bạn nào tắm mệt rồi thì lên bè để nghĩ. Mấy nhà hàng có làm bè nỗi để khách nghĩ ngơi hoặc muốn ăn luôn trên biển cũng đc.
Mình thì về nhà hàng ăn, tắm biển chơi bời quá trời nên đói dã man. Ăn gì cũng thấy ngon. Nhất là Hàu, thịt nhiều dễ sợ. 300k mà vừa đi vừa ăn như vậy theo mình thấy là rẻ. Nếu có thêm dịch vụ giải trí nữa thì ngon. 
À. Cái phao vịt, hay thiên nga gì đó thuê có 50k/h à. Chụp rồi mà hình ở máy khác nên ko up đc :((",5
36,"Được du lịch quy nhơn thích ơi là thích. phải ghé một trong những địa điểm du lịch hot gần đây. gia đình mình chọn tour bên chỗ này vi giá cả phải chăng và dịch vụ tốt
không gian nhà hàng mát mẻ, phục vụ cũng chu đáo
nói chung hài lòng
ở đây có món mắt cá ngừ đại dương ăn khá ok
nhum biển cũng tươi ngon",4
37,"Đợt nghỉ lễ về rồi rủ bạn đi Kỳ Co, Eo gió vì đang là địa điểm hot của quy nhơn năm ni nên nhất định phải ghé. mình và bạn mua tour ra đảo cho khỏe, họ lo cho mình di chuyển và ăn uống luôn.
Tour đi về trong ngay giá 300k, bao gồm đi cano, ăn hải sản, tắm biển.
cano chạy êm, hải sản tươi và nhiều quá trời luôn
nhà hàng khá là chu đáo và nhiệt tình, dịch vụ tốt",4
38,"Nhà hàng phục vụ ăn uống và tour du lịch biển đảo luôn
giá vé 300k, bao gồm thuyền ca nô di chuyển ra đảo và ăn uống luôn
không gian nhà hàng sang trọng và mát mẻ
có nhiều chòi để ngồi nghỉ ngơi
nói nhà hàng chứ giá cả cũng phải chăng lắm
có dịp sẽ ghé lại",4
39,Có giao ở Phước Lộc không vậy?,2
40,"⭕️Tết xuống QN mà chả quán nào bán đồ ăn, chỉ có các cửa hàng thức ăn nhanh mà thôi. Vì vậy ở đây siêu đông luôn, ồn ào và bẩn lắm. Còn 1 điều khá thú dzị ở đây là khách gọi món xong phải chờ cho đủ món rồi tự mang đi, sau đó mới xuất hoá đơn tính tiền. :)) chưa bao giờ thấy kiểu này.
⭕️Về phần món ăn thì mình có gà sốt tiêu đen: gà siêu mềm luôn mấy má, chứ k có bở như ở SG. Tuy nhiên vị nhạt nhẽo. 
Burger gà khá ổn, phần gà lớp ngoài giòn bên trong thịt mềm.
🍟🍗Khoai tây chiên màu nhạt, chắc chiên mới luôn
Mình có gọi thêm 3 viên khoai tây chiên nhân rau củ, tuy nhỏ nhưng vị khá ổn, bùi bùi
Nước tương cà để lâu nên hơi bị lên men có mùi rượu.",3
41,"Hôm nay cuối tiaafn lại có dịp ghé quán cùng với điwsa em của mình. Hình như những trẻ em thường thíh ăn gà rán thì phải. Quán hôm nay khá đông, mà chỉ toàn ba mẹ dẫn các bé tới ăn. Điển hình con em của mình cũng ghiền hà rán không kém, mình kêu một combo 99k mà một mình nó chén sạch. Chắc chủ nhật quán khá đông, mua mà chờ order với chờ món khá lâu, nhưng ăn cảm thấy ngon, nên cũng tạm chấp nhận. Mình thấy nhân viên ở đây bình thường, như các cửa hàng bán gà khác, không thấy gì là khó chịu.",4
42,"Phục vụ quá tệ, vô rồi phải bỏ về vì k hài lòng, khuyên các bạn tới nơi khác ăn, vô đây bực mình mất cả hứng ăn gà.",0
43,"Món ăn ổn, giá cả ok nhưng cách phục vụ thì tệ quá! Mình ăn ở KFC rất nhiều nơi nhưng ở đây có cách phục vụ lạ nhất, độc nhất mà mình từng gặp. Thông thường nhân viên KFC sẽ chờ khách order xong, xác nhận món, thanh toán và lấy số thứ tự, xong order khách sẽ đến lấy món hoặc đôi lúc chưa đủ món, nhân viên sẽ đem món còn lại đến cho khách. Các thành phố lớn trong nước hay các nước lân cận đều thế! Nhưng ở đây, khách hàng phải đứng chờ tại quầy, order bằng miệng, nhân viên nhớ và làm món bên trong, đủ món sẽ được nhân viên cho ra quầy, sau đó nhân viên mới xuất hoá đơn và thanh toán, rồi đem món về bàn. Cảnh tượng nháo nhào, chen lấn vì nhân viên không kiểm soát được khách nào đến trước và khách thì giành lượt.
Thật rất bức xúc với cách phục vụ của KFC Quy Nhơn!
Mình không muốn quay lại lần nữa!",3
44,Gà ở đây cực ngon lun í. Gà mềm và thấm nữa. Trà sữa thì hơi nhạt. Giá cũng ok so với 1 thương hiệu lớn. Với lại quán ở trên đường lớn nên rất dễ tìm. Không gian hơi chật.,4
45,"Mình hay ăn ở KFC hơn lotte và jollibee . Gà ở đây có vẻ ngon hơn và không bị mềm . Giá ở đây dao động trong khung từ 38k-150k theo từng suất ( mình lựa đại nên cứ cỡ đó mà quất chứ cũng k cố định ) . Khoai tây chiên ở đây chấm tương cực ngon , gà cũng ổn . Phục vụ nhanh nhưng nhân viên có vẻ rập khuôn và không hay cười cho lắm . Còn lại mọi thứ mình thấy khá ổn . Chỗ này khá rộng rãi nhưng hơi ồn cho những bạn thích yên tĩnh , ở trung tâm thành phố nên khá dễ tìm .",4
46,"Mình mua mang về và lúc ăn quên mất chụp lại 😂😂. Nói thiệt đây là lần đầu tiêng vô KFC Quy Nhơn dù mở cũng khá lâu rồi. Ok mình thấy phục vụ nhanh, order nhanh và rất lịch sự. Gà của KFC thì ngon thôi rồi. Ăn 2 miếng gà 38k ( chương trình ưu đãi thứ 4 ák ) mà no tới tối luôn ( mình ăn lúc 4g chiều ). Nói chung mình thích KFC hơn Lotteria vì gà ngon hơn và nhân viên cũng tốt hơn",4
47,"Thật sự dù biết vị gà lotte phong phú hơn , đặc biệt là kho lotte tung ra mấy loại sốt thần thánh nhưng mình vẫn thích vị gà truyền thống của KFC . Và tất nhiên phần thích nhất là phần da gà , da giòn , lớp bột vừa ăn không quá mặn , chấm với tương nữa là hợp .nói chung so về hà truyền thống thì mình thích KFC . Và điểm thu hút nhất của KFC dạo này chính là món bánh tart trứng thần thánh . Thật sự là ăn xong nghiện luôn á . Lớp vỏ giòn và phần nhân thơm thơm béo ngậy . Quá xuất sắc . Đi trúng bữa t4 có km nên hơi đông và chờ hơi lâu . Nhưng dù sao nhân viên vẫn phục vui khá tốt",4
48,"Do đi ra sân bay gắp nên chỉ có thể mua phần kfc mang đi thôi, mình gọi 1 phần combo gồm có 1 hamburger bò, 1 khoai tây chiên và 1 ly nước ngọt để uống, theo mình cảm nhận thì đồ ăn của chuỗi của hàng kfc có thể nói là khá giống nhau rồi nên cực kỳ ưng chất lượng sản phẩm chổ này luôn, đồ ăn mang đi tới sân bay vẫn còn hơi ấm ấm nên ăn cũng ngon lắm mà miếng hamburger khá là to ăn mà no căng cái bụng luôn ấy chứ, khoai tây chiên thì hơi dầu mỡ thấm tràn ra cả giấy gói",4
49,"Ngày xưa cuồng KFC lắm mà từ ngày đi học SG thì chán rồi bởi menu không chịu đổi mới. Quán nào cũng thay nhau tung gà vị mới thì KFC cứ gà rán không đổi, chán kinh.
T4 có chương trình km nên dắt e mình đi ăn. Chất lượng vẫn vậy, km có khác đông kinh khủng.
Không nhận xét gà nữa vì chả có gì mới để nói mà chỉ muốn nói về em bánh trứng thần thánh, ngon kinh khủng.",4
50,"Tối cuối tuần đi ăn uống với anh bạn ngừoi mỹ . Tầm 7:00 pm thì đến quán. Bụng hai anh em đói meo~ Lần này là lần thứ hai đi quán. Nên không còn ngạc nhiên hay bỡ ngỡ nữa. 

Món ăn: Cả hai lần đều chủ yếu là gà chiên. Có 4 vị. Vị gà truyền thống lần đầu ăn thì giống như jolibe hay Lotteria nên ko có gì đặc biệt. Rút kinh nghiệm, tụi mình gọi Gà vị Cay và vị Tương Tỏi. Thật sự 2 món này là ngon nhất trong số 4 vị gà chiên. 
Phục vụ: khá nhanh nhẹn và lịch sự. Chủ yếu là thiếu nụ cười nữa thôi. Nếu đc thêm cái đó thì có thê cho 10/10. 
Không gian: đèn vàng ấm cúng. Nhưng máy lạnh hơi yếu. Nhiều cửa sổ kính nên ánh sáng đèn bên ngoài rất đẹp. 
Giá cả: vì là cửa hàng mỹ nên chắc chắn là rẻ rồi.",4
51,"Mình thích gà lắm, cũng thường hay ghé nhưng hôm nay mới có dịp review.
1. Không gian và ánh sáng hài hoà, cửa kính nhiều tạo cảm giác thoáng với rộng 🙆🏻 cho 4 sao 
2. Thức ăn thì khỏi chê vào đâu được. Gà thấm bị, giòn, phô mai béo ngậy và thơm phức 😻 salad ngon, mà nhiều 😂 ăn hoài hông hết . Thức ăn cho 5 sao luôn
3. Nhân viên : phục vụ tận tình, chu đáo, nhanh nhẹn, niềm nở, lễ phép với khách hàng. Cho 4.5 sao nhen 😘
4. Giữ xe miễn phí
5. Tiện cái là tính tiền trước khi ăn
Nói chung tổng thể là số 1, hi vọng sẽ giữ mãi phong độ như thế này ❤❤❤❤",4
52,"Vẫn là fan trung thành của KFC, nay nhà ta có thêm món pizza thần thánh hoàn toàn không có bột mà thay vào đó là gà chiên giòn kèm lớp phô mai béo ngậy với 1 ít ớt Đà Lạt đã tạo nên 1 món ăn cực kì mới đang thu hút đông đảo các bạn trẻ nha... giá dùng thử 1 người chỉ 79k thôi nhé mà có thêm 1 phần khoai tây chiên và 1 ly pepsi nữa nha... ăn bao ngon bao no nha... các bạn hãy đến thử món mới và cảm nhận đi nào... ngon ngon lắm đó nha",4
53,"Dù nắng hay mưa vẫn thích hương vị của KFC nhất... bởi món ăn đa dạng về gà hải sản mà còn hợp vệ sinh, an toàn, không ảnh hưởng nhiều đến sức khỏe... mình rất thích hương vị giòn cay của miếng gà, sớ thịt mềm mềm dễ ăn... mà ăn hoài không ngán.. ngoài ra mình còn thích bánh tart trứng do KFC làm ra mà chẳng đâu có được bởi khi dùng đều ăn nóng rất ngon mà ít bị ngáy nhé... KFC đang có chương trình tặng thẻ vip cho hóa đơn 200k, hoặc mua thẻ vip 100k hoặc đổi thẻ vip cũ 2016 lấy mới nhé... nhanh lên số lượng có hạn",4
54,"Mỗi lần ai nhắc đến KFC thì thường nhắc đến những món gà rán hoặc những chiếc hamberger, bánh tart trứng, những ly nước pessi, milo mát lạnh... không những thế mà KFC còn đem lại những món ăn mới lạ như kem socola, kem truyền thống, các món ăn mới chế biến từ gà... riêng mình thì mình chỉ thích ly Crusher của KFC, nó có 3 hương vị: nha đam cam, kiwi, việt quốc... và có cả kem tươi và đá bào... dùng chung khoáy đều là sẽ ra 1 loại thức uống cực ngon cho những ngày oai bức... phải nói là 1 sự lựa chọn đúng đắn... các bạn nên thử...",3
55,"Kfc cứ khuyến mãi hoài làm chẳng thể đi ăn gà chỗ khác được mà . Kfc đang có khuyến mãi 99k gồm 3 miếng gà rán , 1 phần gà chip , 1 hambuger gà . Có điều không có nước nên phải mua thêm . Nói chung phần này phải ăn 3 người mới ăn hết . Bánh trứng ở đây giòn ngon , nhưng ăn tới cái thứ 2 là ngán ngán vì nó béo quá . Miếng gà trong hambuger to ghê luôn . Ăn miếng đó vào là no rồi chứ không cần phải ăn thêm gì",4
56,"Không biết có còn ai chưa bắt kịp khuyến mãi tháng này của KFC chưa nhỉ ? kFC đang có khuyến mãi hôm nay thứ mấy với gói mua gà quay tiêu 75k sẽ được mua phần gà rán kèm pepsi vưaf vs giá 20k ngày thứ 2 , 30k ngày thứ 3 , 40k thưs 4 , 50k thứ 5 , 60k thứ 6 và 70k thứ 7 . Không áp dụng cho chủ nhật nhé . Mình đi ăn 2 người và hay đi thứ 2 . Mua nhiêu đây tầm 95k mà ăn no cả bụng luôn . Bỏ lại khá nhiều vì ăn không hết",3
57,"Không gian thoáng đãng, đẹp, nằm ngay trong siêu thị coopmart nên tạo nhiều điều kiện thuận lợi cho người mua cũng như người bán. Đồ ăn ở đây cũng rất ngon, giá cả cũng phù hợp, phục vụ rất chu đáo và tận tình.",5
58,"Hôm nay thèm ăn gà nên tới KFC ăn ❤️
Lần nào tới ăn cũng ưng ý dễ sợ
Nhân viên lúc nào cũng tươi tỉnh , cười nói dễ chịu với khách hàng . 
KFC hay có nhiều chương trình khuyến mãi giảm giá hoặc tặng linh tinh
Thời gian đợi đồ ăn khá nhanh , lâu nhất chỉ tầm 10 , 15 phút thôi .
Mình thích cách phục vụ của KFC ở chỗ : khách tự lấy nước sốt cho bản thân , thích lấy bao nhiêu thì lấy chứ không như mấy chỗ khác mỗi lần hết là phải đi xin mắc mệt
Gà làm khá ngon , tuỳ những lúc sơ suất thì gà hơi còn sống và còn dầu ra thì tất cả oke hết
Sẽ đến ăn dài dài",4
59,"Hambuger ngon , gà giòn , khoai tây chiên ngon . Trừ khoai tây nghiền ra vì hơi khó ăn",4
60,"Ở Qui Nhơn , nhắc tới gà rán là mình nghĩ ngay đến KfC Lê Duẫn đầu tiên , nếu đến nơi đông khách hoặc đóng cửa thì mình sẽ lết đến Lotteria trong Big C , còn Jollibe thì thôi rồi mình sẽ dành thgian RV cho Jollibe sau . KFC chi nhánh Qui Nhơn khá rộng rãi , mát mẻ , bàn ghế nhiều . Nhưng mỗi tội là kco nhà vệ sinh 😭😭 Nhân viên phục vụ nhiệt tình , nhanh . Gà rán giòn ngon tan ngay trong lần cắn đầu tiên , ngoại trừ những ngày khách đông hay trúng con gà k ngon thì sẽ bị rơi vào trạng thái gà nhiều dầu , gà có mỡ bên trong , thịt chưa chín . Kem ngon , rẻ chỉ 3k 1 cây . Nước coca kèm cho mỗi phần gà nhiều ơi là nhiều . Nước sốt ngon , tiện lơij , ăn bao nhiêu thì tự đi lấy bấy nhiêu , k phiền hà tới nhân viên . Bàn ghế , dụng cụ sạch sẽ . Quán hay có khuyến mãi ưu đãi cho khách . Quán tổ chức sinh nhật cho các bé rất dễ thương ❤️ Mong KfC sớm có wc , luôn ủng hộ dài dài 🍗🍟🍔",4
61,"Giá khá chát, dạo gần đây chất lượng tệ hơn.",3
62,Có rất nhiều khuyến mãi mỗi ngày cho thực khách. Gà nóng giòn ít dầu. Nhân viên vui vẻ. Không gian ấm cúng sạch sẽ. Thích hợp cho gia đình có trẻ con và tổ chức sinh nhật cho các em. Giá ổn. Mình thích nhất gà cay :D,4
63,"Đây có thể nói là thương hiệu thức ăn nhanh đầu tiên tấn công Qui Nhơn, lại mở sát ngay Coop mart nơi tập trung lượng khách đông đảo nên giới trẻ chọn KFC làm điểm tập kết rất đông. Tuy nhiên chất lượng thì không có gì nổi trội, mang đặc điểm chung của gà rán là nhiều dầu mỡ và rất mau ngán. Hai đứa em họ 5 và 10 tuổi của mình rất thích ăn gà những ko hiểu sao lại chả buồn đụng đến mấy miếng gà mình mua về từ đây. Nói chung là để dân QN ăn cho zui đổi gió là chính.",3
64,"Quán siêu rộng, tận 3 tầng. Tầng trên cùng là chuyên ăn đồ nướng, với view thoáng nhìn ra được Quảng trường. Ở đây có thể gọi theo buffet giá nhiều loại 189k/người, set 289k và 389k, 489k thì có thêm nhiều loại thịt và hải sản hơn. Ngoài ra còn có combo vip giá 1.289.000 gồn có bò wagyu, tôm hùm, cá hồi na uy, sò điệp, cua tuyết, hàu nhật... đồ ăn miễn phí cho buffet là lẩu hải sản cơm trộn thố đá salad cá hồi kim chi khoai tây kén rau củ quả và các loại maki.",4
65,"Mình ăn quán 2 lần rồi lần thứ nhất thì k biết sao nhưng lúc đó mình ăn thì đồ bị đông lạnh nên ăn k có được tươi ngon cho lắm nên khá thất vọng nhưng lần thứ 2 đến quán ăn thì đồ cực tươi rất ngon, với mức giá sushi như vậy thì so với Sài Gòn và các thành phố khác là khá rẻ vậy mà k hiểu sao mình thấy nhiều bạn kì kèo với mức giá của quán, 2 vck mình kiu cái combo hơn 400k thì vừa đủ và có khá nhiều( hình 1)(2 vck ăn nhiều mà kiu phần hơn 400k mà đã ăn k hết rồi), nhân viên dễ thương bữa đó đi trúng bạn phục vụ cùng tên với mình nữa :3 nhung có 1 điều k biết sao là lúc mình đi quán cũng tầm có 6 bàn nhưng mấy bạn nhân viên thì chỉ tập trung chỗ bàn khách nước ngoài còn bàn người việt mình thì bơ luôn. quán trang trí đẹp, bắt mắt và sang trọng mỗi tội đồ ăn lâu quá vck mình vô đầu mà phải chờ hơn nửa tiếng mới có còn 5 bàn sau vô sau vck mình thì lại có đồ ăn trước chắc tại có mình vck mình kiu sushi k hay sao nên phần này hơi buồn :’< à còn 1 phần nữa đó là đồ ăn thì tưoi ngon nhưng phần cơm thì nên trộn đều lại vì mình ăn loại sushi có cơm bên dưới thì có cục vừa có cục khá mặn luôn í, và gạo nấu hơi nhão xí nên nấu vừa nước lại",5
66,"Lúc trước ăn 1 2 lần thấy oke. Nhưng hôm qua ghé lại ăn thì thấy chất lượng giảm nhiều, cơm trong maki khá dẻo gây ngán. Món lẩu thì mùi bơ nồng nặc. 4 người ăn chưa ni mà gần 1 triệu. Giá vs chất lượng như vậy là khá cao.",2
67,"Fast and friendly service and very good value for money. We visited here several times with my family in January 2018. Even stuff didnt have English skills, the menu with photos was much better than in average Vietnamese restaurant. We really recommend this in your Quy Nhon trip!",4
68,"Mình không phải là một tín đồ Món Nhật
Vì không ăn được rong biển và cá sống (trong khi đó là 2 món đặc trưng của món Nhật)
Vì muốn ăn món lạ mà không biết quán nên chui vào quán, cũng là vào lần 2 rồi
Đồ ăn khá ok, mình chọn món dân giã bt hay ăn, vậy mà cũng có nhiều đặc trưng riêng của món Nhật thật sự không ăn được sẽ cảm thấy rất khó ăn
Không gian rộng, nhân viên nhiệt tình",4
69,Đồ ăn khá nhanh-mùi vị tươi sống đậm miệng tuy nhiên giá thàng chưa hợp lí mình là khách du lịch,4
70,"Nói chung đồ Nhật tới giờ vẫn chưa nằm trên top favourite của mình được. Được hôm hội anh em cây khế rủ đi thì cũng có ấn tượng đôi chút. Hên là mấy anh bạn chu đáo book bàn trước chứ đi buổi tối đông lắm nhe. Nhân viên lịch sự, mình muốn gọi gì chỉ cần quay người lại là bạn ấy hiểu ý ngay. Đi có mấy người mà gọi quá trời món. Do quên hông ăn hành được mà chén soup miso nhỡ đem ra rồi. Mình hoảng quá, chưa kịp gọi chén khác nhưng b nhân viên kêu để bạn mang vào đổi cho. Trời đất siêu chu đáo luôn ấy. Các món ăn vừa miệng lắm. Thích nhất là món bò gì ấy quên mất tiêu tên. Sốt cực ngon ăn kèm với cơm trắng là số dzách. Ngoài ra ưng cái.món rong biển rắc mè. Lạnh lạnh thanh mát rất là thích.",4
71,"Quán này đi lần đầu tiên, menu nhiều món lắm, sushi sashimi và lẩu, nhìn chung ăn ổn, cá hồi cũng tươi, trang trí cũng ổn, giá thì được rồi không có cao, lẩu Nhật hai người nước lẩu ngon, có món mì lạnh nó hơi không ổn,
Mấy bạn nhân viên ở đây dễ thương lắm, gọi là có liền.",4
72,"Great sushi, nice prices, good quality and beautiful view on the seaside. One of my favourite places in Quy Nhon.",5
73,Đúng kiều nhật,4
74,"quán này mỗi lần muốn ăn đồ nhật là hay ghé , mà giờ quy nhơn cũng chỉ có mỗi chỗ này bán, mà đồ ăn thì rất hợp khẩu vị , vừa ăn , không bị ngấy , món ăn đa dạng, nhân viên nhiệt tình, mỗi tội món nhật cũng ít người biết ăn , nên quán hơi vắng.",4
75,"Vừa mới ghé quán dùng 1 phần sushi tổng hợp, 2 trứng hấp và một số món chiên ( lo ăn quá, quên chụp hình). Cảm nhận đầu tiên là quán yên tĩnh, giống như ở Nhật kinh khủng, nhân viên thì dễ thương. Thật sự thích phong cách nhà hàng Nhật như thế này.",5
76,"Nhà hàng nhật đầu tiên ở quy nhơn. Mình thấy đây là nhà hàng chế biến đồ ăn nước ngoài vị chuẩn nhất mình biết hihi. 
Quán nằm trên đường diên hồng, bên cạnh cà phê sky và với màu đỏ nổi bật nên rất dễ tìm. Menu ở đây toàn những món đặc trưng cho sứ sở hoa anh đào, shushi, sashimi, cá hồi, mì udon ... đồ ăn khá vừa miệng, ăn hợp khẩu vị, nhà hàng sang trọng, phục vụ nhanh nhẹn, dễ thương. Mới vô là được chào đón nồng nhiệt luôn ^^ . Giá cả cũng khá hợp lí so với chất lượng và dịch vụ .",4
77,"Thấy ra các chỗ về sushi thì vẫn thấy đây là ổn nhất vì quy nhơn chỉ có mỗi quán này là bán đồ ăn nhật chứ mấy 😆😆😆, giá cũng ko phải mắc mà chất lượng. quán cũng lai rai khách
Vẫn các món hay ăn, sashsimi, cá hồi, đầu cá hồi nướng, hào tái chanh, món ăn ok, lên hơi chậm tý cũng thông cảm 
Phục vụ dễ thương.",2
78,"Ở quy nhơn ít có quán ăn nước ngoài nhưng có quán này cũng được gọi là ngon rồi trong ẩm thực châu á... mình bước vào quán được các nhân viên tận tình phục vụ từ chú bảo vệ đến quản lí rồi đội ngũ nhân viên rất dễ thương... mình cực thích không gian ngồi bệt trên tầng 2 của quán nó mang đến sự ấm cúng và thoáng mát cho mọi người khi đến với Nam Sushi... đúng là không đi thì không biết, khi đã ăn rồi thì biết được hương vị đặc biệt mà món ăn mang lại... mình rất thích súp Miso, có rong biển, đậu non và nấm kim châm... toàn những thứ mình thích... hương vị thanh mát vừa ăn... sushi làm rất ngon và kì công nhé... à quán đang có chương trình làm thẻ thành viên để tích điểm và giảm giá cho hóa đơn đó... vậy mà các bạn tiếc chi hãy đến ngay để cùng thưởng thức nào... giá ih hình nhé... ko tính giá tết chi cả...",4
79,"Đây là quán sushi duy nhất có chất lượng ổn định. Chỗ ngồi thoải mái.
Tuy nhiên, để ăn no, mình phải order nhiều món hoặc 1 món nhưng nhiều suất, nên hóa đơn lúc nào cũng làm mình hốt hoảng.
Nhân viên tận tình, nhưng khi có rắc rối xảy ra thì xử lý hơi thiếu văn minh. Có lần khi thanh toán, mình (hay họ) có nhầm lẫn về tiền nong gì đó, nhưng thái độ của họ nhìn mình với con mắt khinh miệt đề phòng. 
Hi vọng quán sẽ cái thiện chất lượng dịch vụ!",2
80,"Là 1 trong 2 quán sushi đầu tiên và duy nhất ở QN ( còn 1 quán nữa ở đầm sinh thái tuy là mở trc Nam sushi nhưng Nam đầu tư mạnh hơn nổi hơn) nên ưu điểm là rất thu hút khách thế nhưng đó chỉ là thời gian đầu. những ai chưa ăn sushi bao giờ và mún ăn thử thì có thể đến quán, cá hồi và cơm cuộn, maki ăn cũng ok còn mì udon , bánh xèo thì ko nên thử vì dở. Nhiều khi thèm sashimi vẫn fai đến qán ăn vì k có lựa chọn nào khác. Tuy nhiên từ khi quán tăng giá mình ko tới nữa vì đắt hơn cả so vs SG Hn, 1 phần sashimi cá hồi 94-96k trong khi lát cá mỏng và ko tươi bằng ở SG. 
Bánh xèo thì chịu ko thể ăn được vì như bột chiên.
Ăn xong 1 bữa gọi tùm lum món thường hết 300-500k mà ko no.
Quán có làm thẻ member cho khách trông khá chuyên nghiệp thế nhưng fai đưa thẻ trc khi tính tiền mới dc tích điểm, mà khi tính tiền ko nvien nào hỏi khách có mang theo thẻ ko để tích điểm cả, thành ra ăn xong k dc tích điểm.
Qán nên thay đổi để đc phát triển và tận dụng ưu thế của mình hơn.",2
81,"Quán xinh, phục vụ dễ thương, giá trung bình. ĐẶC BIỆT: ANH PHỤC VỤ TẦNG 2 XINH TRAI QUÁ Ạ!!! Khá là hài lòng ngoại trừ việc tiệm không có khăn giấy khô 😞Ly đá đem lên lần sau vui lòng chắt bớt nước ra giúp ạ.",2
82,"Vừa từ quán ra xong,ôm 1 cục tức.Nếu đã tặng thẻ thành viên cho khách hàng thì phải đáp ứng tiêu chí ""vui lòng khách đến,vừa lòng khách đi"" chứ.Món ăn vẫn thế,cơm càng ngày càng nhiều,giống như ăn cơm chứ k phải thưởng thức ẩm thực Nhật.Nhân viên phục vụ và cả thu ngân thật sự tệ.gọi combo,nhưng vì nhà có người k ăn được cá ngừ nên yêu cầu đổi cá trích,nếu là quán chuyên nghiệp thì sẽ linh động báo lại và đổi món,đằng này gọi xong lát sau bê y chang lên lại bảo k đổi được.Đã thế khi tính tiền,nhân viên k thèm hỏi chị/anh có thẻ thành viên hay k mà xuống cầm bill lên,khi tôi đưa thẻ thành viên thì lại hỏi 1 câu ""thẻ chị mới làm hồi nãy ạ?"".Xin lỗi nhá,tôi k rảnh cái kiểu đi đăng ký thẻ chỉ để giảm 5% rồi đứng lớn tiếng với nhân viên của bạn đâu nhá...rồi tóm lại cái bạn thu ngân nhà bạn đổ lỗi cho nhân viên phục vụ,nhân viên phục vụ thì đổ lỗi cho khách hàng...bla..bla...XIN THƯA VỚI BẠN CHỦ QUÁN NAM SUSHI,ĐỊA CHỈ 334A DIÊN HỒNG,TP.QUY NHƠN NHƯ LÀY NHÁ :ĐÃ KINH DOANH NHẤT LÀ KINH DOANH ĂN UỐNG THÌ NGOÀI VIỆC CHỦ QUÁN CÓ TÂM THÌ NHÂN VIÊN,THẬM CHÍ CẢ NGƯỜI QUÉT DỌN CŨNG PHẢI CÓ TÂM NHÉ.BẠN ĐỪNG TƯỞNG CỨ MỞ QUÁN RA,QUÁN BẠN CÓ THỂ LÀ ĐẦU TIÊN VÀ DUY NHẤT Ở QUY NHƠN THÌ BẠN CÓ THỂ LÀM GÌ LÀM VÀ NHÂN VIÊN CỦA BẠN CÓ THỂ KHINH THƯỜNG KHÁCH HÀNG NHƯ VẬY NHÉ,TÔI KHÔNG XIN CỦA BẠN,TÔI ĂN TÔI TRẢ TIỀN VÀ TÔI YÊU CẦU BẠN CÙNG VỚI NHÂN VIÊN CỦA BẠN PHẢI TÔN TRỌNG TÔI CŨNG NHƯ TẤT CẢ CÁC KHÁCH HÀNG.NHƯ VẬY MỚI ĐÚNG PHONG CÁCH NHẬT BẠN NHÉ CHỨ ĐỪNG CÓ KIỂU NHẬT NỬA VỜI NHƯ THẾ GIỐNG HỀ LẮM!",1
83,"Quán hồi mới mở đông khách dễ sợ luôn , mà dần dần là thưa thớt lại . Quán nằm đối diện Quảng Trường , khá mát mẻ và thoáng đãng . Quán to , 2 tầng , rộng rãi có chỗ để xe . Nhân viên mặc kimono rất dễ thương . Nói chung quán nhìn sang nhưng deco không đẹp như mấy quán Nhật khác . Menu đa dạng các loại món và giá cũng không đắt lắm . Ở đây ăn các loại cơm cuộn ngon . Súp Miso có vẻ hơi ngọt , mì udon thì cắt bị nhỏ quá",2
84,"Quán rộng rãi , deco đẹp . Nhân viên phục vụ mặc kimono khá dễ thương , tính tình thân thiện . Menu phong phú , đa dạng . Deco món ăn đẹp , sạch sẽ , sang trọng . Tốc độ phục vụ đồ ăn khá lâu vì quán đông . Đồ ăn hơi ít , nên sau khi ăn shushi xong mình phải đi ăn thêm hủ tíu nữa 😂😂 giá hơi đắt nhưng chất lượng đồ ăn cũng oke :👍👍 
Nói chung là sẽ quay trở lại quán vì ở qui nhơn đây là nhà hàng Nhật Bản chuẩn nhất ❤️",4
85,"Nhà hàng Nhật đầu tiên ở Quy Nhơn nên người ăn khá đông, hơi ồn ào tí, nhân viên chạy liên tục nhưng nhìn chung là khá ổn. Không gian quán rộng rãi, thoáng mát, có phân khu ngồi bệt và ngồi ghế, menu được thiết kế khá chuyên nghiệp.

+ Về món ăn:  các món sushi ok như sushi bơ, nigiri tôm, sushi chiên nhờ cơm dẻo, mùi giấm chua Nhật đặc trưng hòa với cơm, cuộn nhân bên trong đa dạng như bơ, trứng, xúc xích khá hợp lý chấm với nước tương cùng mù tạt hấp dẫn, ah mù tạt hổng có cay nhiều đâu nhá. Sashimi theo thanh cá ăn với gừng ngâm khai vị cũng được. Riêng có 2 món khá thất bại của nhà hàng là:

* Súp Miso: súp quá ngọt lại để nguyên cây nấm vào chén súp, đậu hũ và rong biển lèo tèo nên ăn không có gì đặc sắc cả nên nhà hàng nên xem lại.

* Udon xào: ai lại cắt sợi Udon ra từng miếng nhỏ như vậy, nhìn dĩa mì toàn bắp cải tím, thịt thì lèo tèo, vị lại ngọt, rắt hành lá dày quá nên không ngon.

+ Khu WC (trên lầu): mọi người đi chân đất á nên khi đi vệ sinh nhìn dưới sàn sẽ hơi bẩn, với lại mọi người nên có ý thức tí, giấy vệ sinh nên vứt vào sọt rác cho ngăn nắp, để lộn xộn quá nhìn không đẹp mắt.",4
86,"Đi ăn mùng 5 tết, quán cực kì đông do vậy mà nhân viên cũng bận bịu do đó thái độ của nhân viên rất tệ. Vô quán ngồi chờ gần cả tiếng mới đem đồ ăn lên, order thiếu của khách, đi ăn mà mất 2h mới ăn xong mà không hài lòng tí nào. Pv tệ mà còn phải trả phí pv 50k. Tuy nhiên đồ ăn thì ok, giá vừa phải. Deco đẹp, quán rộng rãi. Bill 500k 5 ng mà ăn xong tụi mình còn phải đi ăn thêm phở :))))",3
87,"The rice went very well with the chicken, though some chicken parts were a little dry. Other parts were nice and tender, that was great! Tried the braised fish - delicious sauce - and the pork intestines, which were okay. Overall, great place.",4
88,"Món ăn bình thường nhưng không có điều gì bằng việc BẤT LỊCH SỰ. Mình muốn thanh toán bằng thẻ tín dụng thì đòi phí. Mình ăn hết 970k thu 35k tiền thẻ. Mình bảo j kì vậy, quán làm to mà đi thu phí của khách. Thế là 1 tràng bất lịch sự sổ ra. Còn nói mình nhỏ mà ... ủa nhỏ tuổi hơn thấy không đúng thì nói thôi. Làm chủ quán lớn không chịu lắng nghe học hỏi còn thái độ.",1
89,"Quán có cơm gà, cơm món
Mình đi 6 người, gọi dạ trường luộc, cá kho, tôm rim, gà chua ngọt, canh cá
Đồ ăn được
Có món gà chua ngọt là chế biến kiểu gỏi gà, không ngon, mà đắt
Đánh giá chung là cũng ok",4
90,Cơm gà ở đây rất ngon ❤❤❤,3
91,"Cơm gà, cơm món ở đây ăn đều ổn, gia vị rất vừa miệng, ngoài ra cơm tôm kho cũng ngon. Mỗi tội đến vào buổi trưa thì rất đông nên phải đợi tầm 30p mới có đồ ăn, buổi tối thì pvu nhanh hơn. Mình thích 1 điểm nữa là khi đi 2 người thì quán tự cân nhắc làm cơm món vừa đủ cho 2 người luôn chứ ko cần phải nhắc, ko lo bị chặt chém, ko như nhưng quán khác món ăn chỉ làm theo 1 cỡ dù ít hay nhiều ng ăn.",4
92,"Cơm gà ở đây rất ngon, suất đầy đặn, gọi thêm 1 bát canh chua chả cá thác lác thì chuẩn ko cần chỉnh. 1 đĩa cơm gà xối mỡ 45k là no căng. Cơm nấu trộn nghệ, đẹp mắt và ngon miệng. Có dịp đến Quy Nhơn nhất định sẽ quay lại. Điểm trừ duy nhất là đợi hơi lâu.",4
93,"Ghé quán ăn trưa , nghe nói cơm gà ở đây nổi tiếng nên kêu thử dù quán có nhiều món - Dĩa cơm bưng lên nhìn miếng gà chiên giòn to vật vã , ăn thấy bình thương , gà hơi bị khô , không ăn kèm với canh rau thì thú thiệt nuốt không nổi - Hao hao giống cơm gà xối mỡ ở Sài gòn , Nói chung không ngon , ăn mau ngán - Còn cơm bò thì bò hơi dai nước sốt ngon - Giá cao so với mặt bằng Quy nhơn",3
94,"Dành cả thanh xuân để ăn cho mụp 😋
Cơm gà Quê Hương! Ăn rồi mới biết tại sao giá cao vậy mà đông như vậy 😝
Gà ta, thịt dai và ngọt mềm
Cơm gà béo và ráo vừa ăn, cơm gà ở đây như được chiên hay sao ak. Hạt cơm ăn hơi giòn ko dẻo như cơm gà PR quê tui 🤗
Thịt luộc ngon, mắm nêm hơi mặn do ở SG ăn ngọt quen ời
Sườn kho bao ngon và hầm mềm nha.
Nói chung là nhứt nách 😋",4
95,"Đến quán vào tối chủ nhật, quán khá đông lên gọi món hơi lâu. Các món chế biến ngon, xôi gà chiên trẻ con rất thích. Giá cả hợp lý, nhân viên nhiệt tình.",4
96,"Cơm gà ở Quê Hương là một trong những món cơm gà ngon nhất và quen thuộc nhất đối với mình và cả nhà. Mà mình nghĩ không chỉ riêng đối với gia đình mình mà với cả Quy Nhơn này thì Cơm gà Quê Hương là một cái tên bảo chứng cho các món ăn liên quan tới gà.
Ăn khá nhiều món ở đây rồi nhưng mình thích nhất là cơm gà chiên ở đây, chiên bình thường thôi ấy, không phải chiên xù hay chiên mắm gì đâu, và được chọn lựa giữa đùi gà chiên hay cánh gà chiên nha.
Một điểm cộng nữa là quán này phục vụ nhanh lắm, mình hiếm khi phải đợi lâu.
Nói chung là tuyệt vời cho Cơm gà Quê Hương nha!",4
97,"Dù cho Quy Nhơn đang càng có nhiều nhà hàng mới mở hay bao nhiêu thương hiệu gà rán đi chăng nữa thì rõ ràng Cơm gà Quê Hương vẫn là một thương hiệu không bao giờ phai nhạt trong lòng người dân Quy Thành
Cơm gà ở đây ngon từ cơm tới gà, một hương vị rất riêng, gà là gà ta, chắc thịt, lớp da gà được chiên giòn mà không cần dùng tới các loại bột chiên giòn.
Mở hộp cơm ra là thấy mùi thơm ngào ngạt. Nói tóm lại là thèm quá.
Thật ra nhà hàng Quê Hương nấu ngon lắm, nhưng hầu hết mọi người tới đây đều ăn cơm gà nên thành thương hiệu luôn ấy ^^
Hôm nào lễ được thưởng thì làm ngay 1 phần nào",4
98,"Mình thấy cơm gà ở đây giòn ngon và vừa miệnv. Trứng nhìn cũng hấp dẫn, rau thì tươi và sạch ^^ 

Quán sạch sẽ, nhân viên phục vụ tốt, vị trí dễ tìm. Nhưng giá hơi cao so với ở Bình Định ^^",4
99,"Mình ăn nhiều lần ở đây rồi . 
Điểm cộng ở quán này là không gian sáng sủa, sạch sẽ mon ăn rất ngon. Chắc hạp khẩu vị mìn thấy món nào cũng ngon. Đặc biệt các phần cơm . Điểm trừ : quán phục vụ món ăn lâu ( cái này thông cảm chắc do khi gọi món mới làm) , nhân viên phục vụ ko đc vui vẻ , giá các món ăn và nước uống khá cao.Dẫu nhiều cái không thích nhưng do mình ghiền cơm ở đây nên vẫn hay ghé lại . . Khổ vậy :(",4
100,"Đi du lịch thì xác định là ăn đặc sản rồi, cũng tại có tụi nhỏ nên lại phải vô quán cơm. Được recommend là đến Quê Hương 2 nhưng mà nói thật mình thấy nấu ăn cũng bình thường, nv phục vụ k chú tâm săn đón khách lắm.
Hôm sau mình ăn ngay trong khách sạn Mường Thanh thấy còn ngon hơn giá cả thì tương đương mà tôm cá tươi hơn hẳn. Note để các bạn nào đi du lịch nghe tư vấn mà định qua đây thì nên cân nhắc nhé.",3
101,"Ở qui nhơn nghe có nhà hàng quê hương nổi tiếng lắm , đi đâu cũng nghe tiếng hết trơn có tới 2 chi nhánh lận , mà sao mình lại không thích quán này cho lắm và cảm thấy không ngon . nhân viên phục vụ có vẻ không thân thiện , mặt chẳng thân thiện tí nào . menu có nhiều món , giá cả cũng được . mình ăn địa chỉ 2 cảm thấy ở đây hơi tối và nóng nực . cơm khá nhạt , hơi mềm. gà giòn nhưng cũng bị nhạt mất , ăn chả thấy ngon gì hết . chắc sẽ không quay lại",3
102,"Đây hình như là 1 quán cơm khá nổi tiếng ở Quy Nhơn luôn vì hỏi ai cũng chỉ đến đây ăn. Bác lái xe tự tin giới thiệu cho nhà mình đến đây ăn. Lúc đầu còn phải ngồi trên xe mất 1 lúc vì quán không có đủ chỗ và quá đông. Hỏi sang chi nhánh Quê Hương 1 cũng hết sạch chỗ luôn mới sợ. Đến khi vào trong ăn thấy đông thật. Quán bật điều hoà đủ hơi man mát thôi vì quá đông người. Cơm gà da giòn nhưng bên trong mềm, cơm khá mềm, không bị khô. Nhân viên nhanh nhẹn mà khá ngoan.",4
103,"Quán rộng rãi nhưng nhiều muỗi quá ^_^. Cơm gà có hai loại: lớn 70.000, nhỏ 45.000. Dĩa cơm khá nhiều. Cơm ăn tạm được. Miếng gà lớn, giòn, ăn hơi nhạt.",3
104,"Quán này ăn được, tuy nhiên nhân viên phục vụ cần niềm nở hơn nữa. Mình đi ăn cơm gà nhiều nơi, ngon nhất thì vẫn là quán Hồng Ngọc DN. Mấy quán ở Tam Kỳ, Quảng Ngãi, Qui Nhơn ăn cũng tạm.",3
105,"Mình nhớ mình ăn hồi nhỏ tầm 4-5 tuổi ở đây cơm gà đã 25k 1 phần, hồi đó tô bún có 3k. Nước xì dầu, dầu chiên và gà hồi xưa làm ngon lắm, cái gì cũng thơm. Gà là gà ta nên dai, da giòn và thịt không bị bở như gà ta. Giờ lên tiền mà thức ăn có vẻ tệ hơn, gà hình như xài gà công nghiệp nên dở, mình ăn có chút xíu là bỏ lại.",3
106,"Nghe khen quá chừng mà dzô quá thấy cái ly là chán rồi.
Nhân viên quán ko có nổi 1 nụ cười.. nản tập 2..
Bánh tráng bịch hàn kín mà kiến ko.. nản tập 3...
.
Trứng thì nhão mà khổ qua xào trứng cũng nhão...
.
Cá bống kho tộ ko thấm...
.
Canh chua thì nhạt nhách...
.
Nói chung là ko ghé lần 2..",1
107,"Mình rất thích ghé ăn quán này
Cơm mềm ngon, đồ ăn nấu ngon. Mình đi bao nhiêu người thì họ sẽ áng chừng nấu cho đủ chứ k kiểu nấu bữa phứa ra đi 5 người cũng như 1 người
Nhà mình rất hay ăn ở đây",4
108,"cơm gà rất ngon, phục vụ rất tốt, giá thành rẻ, thịt gà rất chất lượng, món canh thơm ngon, tầng hai có máy lạnh nên rất thích hợp ăn cơm trưa vào thời tiết nắng nóng",5
109,Mọi món đều ngon. Giá mình nghĩ hơi cao nhưng hợp lí. Đặc biệt cơm gà của quán ăn rất ngon và nhiều cực kì luôn. Có 2 chi nhánh nằm gần trung tâm nên cũng dễ tìm và dễ đến. Nhân viên nhiệt tình lịch sự. Tiếp đón kháh rất tốt. Sạch sẽ.,4
110,"Quán ngon! Nhất là món cơm gà chiên... Gà ta hẳn hoi và dai ngon, hương vị đậm đà. Cơm làm từ nước gà nên ăn rất là và ngon nhé!!! giá cả lại ko quá mắc, tầm 80k thôi nhưng mà ngon. Các món khác như mắm, rau, gà kho. . Cũng khá là ok",4
111,"Kết hợp vừa du lịch lẫn cv nên phải tranh thủ tận dùng time tối đa để được đi khám phá ẩm thực vùng miền nữa.
Rời xa được SG cảm giác rất thoải mái và dễ chịu. sau khi cv xong thì lê la đi ăn, không gian rất thoáng mát và cảm thấy rất thoải mái.
Nhìn zô cái menu thấy các món ăn cũng rất bình dân, mình order 1 gà kho xả, canh cải, rau muống xào tỏi. Gà ta hẳn hoi nhé, thịt dai và rất chắc, kho theo kiểu miền trung nên hơi có vị mặn chứ hok ngọt ngọt kiểu nam, rất chi là ngon, ngon từ miếng gà cho đến miếng sả quên zô nước gà cũng rất tuyệt nữa.cơm rất bình dân thế thui, tuy có hơi khác khẩu vị xíu thui nhưng cảm thấy ngon lắm nhé, chắc do lạ miệng.
Quáng cũng không đông khách lắm nên phục vụ ok lắm, thân thiện nữa, nhất định sẽ ghé đây nếu có dịp tới hì hì",4
112,"Lần đầu có dịp đi Quy Nhơn chơi, được sắp xếp vào ăn trưa ở nhà hàng lớn vầy cũng khoái. Nhà hàng nằm sát biển có view đẹp, lại gần trung tâm thành phố Quy Nhơn. Cơm trưa được bày ra từng bàn riêng biệt, kèm theo menu các món. Có đủ các món mặn như thịt, cá, các món rau và canh. Nhân viên phục vụ nhiệt tình, nhanh nhẹn, chuyên nghiệp.",4
113,"Gọi hai dĩa cơm xào hải sản, phát hiện ra đây là món cơm hải sản xào 🤣🤣 Nhìn cơm mình không ăn nổi, chỉ ăn được hải sản. Chất lượng đồ ăn trung bình, chưa xứng tầm với khách sạn 4 sao.",3
114,"Từ bên ngoài nhìn vào nhà hàng mang 1 tông màu kem trắng khá là sang trọng đường vào nhà hàng cũng rộng rãi, nhà hàng này hình như vừa kết hợp khách sạn hồ bơi rồi điểm tâm cà phê sáng các thứ luôn hay sao ấy, mình đi với đoàn nên khi bước vào bàn tiệc thì trên bàn đã setup các món sẵn rồi chỉ cần gỡ giấy bao lại là ăn được rồi, mà đồ ăn tuy setup trước nhưng độ nóng vẫn còn nên cũng thấy thích, do từ xa đến và để ăn trưa nên mình thấy ăn khá là ngon miệng",4
115,"Đi đến nơi đây cũng lâu lắm rồi mà nay mới có dịp giờ rãnh để ngồi viết review cho chổ này.
Do mình may mắn được đi với công ty nên mình mới có dịp ghé đến nhà hàng này, mình thấy thực đơn của quán cũng hao hao như mấy trung tâm hội nghị khác thôi nhưng được cái quán này phục vụ khá là tốt, nhân viên thì thân thiện và vui vẻ lại còn chu đáo hơn. 
Về phía phần đồ ăn thì khá là ok nhe, có mấy món nghe tên khá là lạ vì ở Cần Thơ mình chưa có ăn bao giờ được dịp ra đây ăn thử thấy cũng khá là thích thích. Với lại cách trang trí của nhà hàng mình thấy cũng khá sang trọng đúng chuẩn nhà hàng hơn các nơi khác ^^
Ngoài ra nhà hàng có view khá đẹp vì sát với biển nên làm mình thích lắm!",4
116,"Một trong những nhà hàng mình có dịp ghé qua thưởng thức khi đến Quy Nhơn, mà lọt vào tầm ngắm của mình đây: Nhà hàng Hải Âu. Bữa đó được ăn no nê. Thích hết các món từ cá chiên, mướp xào,... Nước chấm của nhà hàng cũng pha chế rất là đặc sắc. Nhà hàng nằm ngay trung tâm Quy Nhơn nên từ đây ăn xong đi đâu cũng gần xịt.

Nhân viên cũng rất dễ chịu, nhờ gì các bạn cũng tận tình giúp. Nếu có dịp ra đây nữa mình nhất định sẽ ghé qua chỗ này!",4
117,"Đây là nhà hàng đầu tiên khi mình được đến Quy Nhơn, và cũng là chỗ ăn thấy ngon nhất.
Toàn món ngon, canh cũng ngon nữa.
Canh là canh cua rau tạp tàng, mình nghĩ đây là một món ăn của người địa phương chứ đó giờ chẳng biết rau tạp tàng luôn á.
Cá chiên xốt mắm và thịt heo thưng ăn cực vừa vị, ngon và thơm.
Cải xào dầu hào và tôm kho trứng cút cũng rất okie, nhưng trứng hơi ít nên bữa đó mình không ăn được miếng trứng cút LOL.
Sảnh sau của nhà hàng sát biển nhìn đẹp mát lắm nhé.",4
118,"Nhà hàng này nhìn cực kỳ sang trọng luôn nha, vừa kết hợp nhà hàng và khách sạn luôn á nên có hồ bơi và bàn ngồi cà phê và ăn sáng đồ các kiểu luôn, nhân viên nhà hàng cực kỳ lịch sự là thân thiện, do đi theo công ty nên menu được chọn sẵn rồi menu gồm 7 món khác nhau chưa kể trái cây tráng miệng, đồ ăn ngon và cừa miệng cá ăn khá là ngon và tươi, ướp và tới nên có độ ngon và tươi nhưng không có bị tanh nên khá là ưng ý",4
119,"Đặt chân tới quy nhơn là được công ty dẫn qua nhà hàng để ăn rồi do đi tới đây là tầm trưa rồi nên vào đây ăn luôn, đồ ăn của nhà hàng bắt mắt và hấp dẫn lắm luôn nha nhìn màu sắc cực kỳ ưng luôn ấy chứ, món nào món nấy nhìn mà muốn ăn liền, tôm thẻ ram ăn khá là ngon được bóc vỏ ra sẵn hết rồi nên ăn khá là ngon và tiện lợi, có món thịt thì làm mình thấy có vẻ nó hơi nhạt tý ướp không được tới lắm nên ăn với cơm nó nhạt hẵn ra",4
120,"Hôm bữa có dùng cơm trưa ở đây, nhà hàng khá rộng rãi, ngay gần biển luôn. Do đang đói bụng nên ăn cảm thấy khá ngon, phục vụ thì hơi chậm xíu chắc do cũng sinh viên nên cũng thông cảm được.",4
121,"Không gian nhà hàng đẹp, rộng rãi thoáng mát. View nhìn ra biển đẹp và sạch. Thức ăn ở đây chế biến rất ngon và hợp khẩu vị của mình. Rau cải rất tươi, nước chấm pha ngon, cá chiên béo và giòn. Nhân viên phục vụ rất lịch sự và nhiệt tình, xin thêm gì là thấy đem lên rất nhanh. Nói chung đây là nhà hàng được nhất trong cả chuyến đi 3 ngày ở Quy Nhơn của công ty mình. Tuy nhiên không biết sao trên bàn mình có một hộp gì không biết. Mong nếu có dịp sẽ ghé để thưởng thức thêm các món ăn ở nhà hàng này nữa.",4
122,"Hôm trước đi team với công ty mình có dùng bữa buổi trưa tại nhà hàng này. Món ăn đã được dọn sẵn ra bàn. 1 bàn 10 người cũng được khoảng 5,6 món. Cá chiên nếu nóng sẽ giòn ngon hơn. Cá nhiều thịt nhưng vì dọn trước đến lúc mình ăn cá đã nguội rồi. Mướp xào tôm và tôm rim thịt ăn tạm được. Có món canh cua rau đay là còn nóng nhiều cua. Nêm nếm vừa ăn được nhất trong các món. Nhà hàng này có view biển đẹp. View biển chủ yếu là quán cafe thôi, còn ăn sảnh bên trong khá nóng.",4
123,"Đây là nhà hàng có thể nói mình hài lòng nhất trong chuyến đi. Nhà hàng phục vụ chu đáo, tới nơi là đồ ăn đã dọn sẵn sàng trên bàn để xơi. Nhân viên chủ động, nhiệt tình
Cơm ăn đc, món cá chiên béo, giòn
Đồ chua cải ăn tạm
Khong gian bàn ghế kê hơi chật chội",4
124,"Được công ty cho đi chơi. Tới Quy nhơn thì được ghé nhà hàng này ăn trưa. Đi vào từ sảnh thì không gian rất thoáng và mát mẻ. Nhưng đồ ăn cũng được ko có j đặc biệt, ăn chống đói ok. Có view biển khá đẹp",4
125,"Lúc rời xe đặt chân xuống thành phố biển cũng đúng ngay giờ cơm trưa, bụng réo inh ỏi. Phòng ốc rộng rãi, có máy lạnh nên không lo cái nóng ngoài kia, mỗi bàn khoảng 10 thực khách. Lúc vào bàn, các món ăn và trà đá đều đã được dọn lên hết, quá tuyệt vời luôn. Không biết có phải do đói không, mà món nào cũng được dùng sạch sẽ. Cá chiên hơi nguội với khô, mướp hơi lạt, còn lại món nào cũng ngon. Hình như dân ở đây bồ kết món canh rau tạp tàng, quán nào cũng thấy có món này, ăn canh kèm nước thịt là ngon phải biết!",4
126,"Sau 1 đêm đánh giấc ngon lành trên đường ray, cả tiếng ngồi gật gù trên xe, nguyên đoàn ghé khách sạn dùng bữa trưa. Do mệt và đói bụng quá nên mình cũng không để ý cảnh quan khách sạn. Vào bàn thì cứ bắt nhóm khoảng 10 người. Mấy món ăn ở đây rất bắt miệng mình, nhất là hai món tôm kho trứng cút và canh rau tạp tàng. Rau tạp tàng hóa ra là canh mồng tơi trong Nam, nước canh vừa miệng, chan chút nước kho là bá chấy! Nhân viên phục vụ lên món nhanh, kêu gì là làm liền, rất mau lẹ.",4
127,"Nhà hàng này là nhà hàng mình hài lòng nhất trong chuyến đi. Tới nơi là cơm canh đồ ăn đã dọn sẵn ra bàn, chỉ việc ngồi xơi thoai hà. Nhân viên cũng nhanh nhẹn. Mấy món ăn đều ok hết, cá chiên giòn rụm và béo, tôm kho trưng cũng ok, món mình k thích là mướp, nhạt nhẽo",4
128,"Hbua công tu mình coa đặt tiệc ở đây. đồ ăn là dạng cơm gia đình bàn 10 người
Có rất nhiều món như Rau cải xào, cá chiên, tôm rim trứng cút, mướp xào mực, canh cua.
Rau cải xào ăn bình thường nêm nếm không đậm đà lắm.
Cá chiên hơi quá tay bị cứng nè. Tôm rim trứng cút ăn vị ok hơn những món còn lại, mươpa xào mực, mực không được tươi lắm. Rất hài lòng về món canh cua, nêm nếm vừa phải ăn cảm nhận được độ ngọt của cua đồng. Tránh miệng là chôm chôm không được tươi lắm.
Bữa đó công ty trả tiền nên mình cũng không rõ giá cả là bao nhiêu :3",4
129,"Đây là nơi quen thuộc của khoa mình luôn. Tại mỗi lần hội nghị, sự kiện hay liên hoan cuối khoá gì đó là toàn ở đây.
Đợt rồi tổng kết làm lễ ra trường của K35 cũng làm tiệc ở đây.
Đặt tiệc ở đâu chứ ở đâu thì bao sang chảnh nha, phong cách Âu, đẹp, cái cổng cũng đẹp, chụp hình bao ảo diệu.
Đồ ăn ở đây nấu khá ổn, cũng nhiều món, hôm đó mình ăn cũng nhiều lắm :v
Khách sạn lớn nên cách phục vụ chuyên nghiệp. Không có vấn đề gì về phục vụ cả.
Tóm lại nhà hàng Hải Âu tuy giá cao hơn 1 tí nhưng mà đáng",4
130,"Khách sạn Hải Âu Quy Nhơn được thiết kế theo kiến trúc Châu Âu hiện đại. Vị trí địa lí gần nhiều khu vui chơi giải trí và các thắng cảnh du lịch hoang sơ tuyệt đẹp như Ghềnh Ráng, Bãi Dài, bãi Xép, khu du lịch Quy Hòa…Khách sạn Hải Âu nằm ở vị trí sát bờ biển; có bể bơi. Khách sạn có 2 khu 3 sao và 4 sao; thích hợp cho nhiều đối tượng khách. Giá cả phù hợp; Phong cách phục vụ chuyên nghiệp; Đồ ăn sáng khá ngon và phong phú;  Tuy nhiên chất lượng wifi hơi yếu, một số thức uống chưa ngon",4
131,"Trường mình vừa đi du lịch ở Qui Nhơn về hôm 10/6. Được nghe giới thiệu đây là khách sạn 4* lớn nhất Qui Nhơn có vị trí trung tâm sát biển. Khách sạn có rất nhiều phòng, các phòng đều rộng và đẹp, có ban công view hướng ra biển rất thích. Từ khách sạn đi ra biển chỉ tính bằng vài bước chân. Điều cần góp ý ở đây là hệ thống thang máy của khách sạn, rất chậm và nhiều khi bỏ lệnh đi qua tầng. Thang máy đi xuống bể bơi và biển là thang máy của nhà bếp nên ám khá nhiều dầu mỡ. Hệ thống nước của khách sạn 2 ngày đầu mình ở khá đục bẩn (mấy phòng cũng đều bị như vậy), cảm tưởng như nước đổ bã cafe vào ý. Sau khi gọi điện góp ý thì bộ phận chăm sóc khách hàng và bộ phận dọn phòng đã lên xử lý rất nhanh và kịp thời. Buffet phục vụ sáng đa dạng nhiều món và thay đổi theo ngày, đồ hết lại mang ra liên tục. Bữa trưa và tối gọi món làm cũng khá ngon và bày đẹp mắt. Nhân viên nhiệt tình và nhanh nhẹn.",4
132,"Phòng khách sạn sạch sẽ, thoáng và có view rất đẹp nhìn ra biển. Buffet ở đây khá ngon và đa dạng. Thích nhất là hồ bơi, cứ buổi chiều tối chơi xong đi bơi là tuyệt vời luôn.",5
133,"Đã ăn cưới tại rất rất nhiều nơi nhưng chưa thấy nơi đâu có view đẹp như sân sau ở Hải Âu. Hôm đó trời ko mưa nên dọn tiệc ở ngoài trời, vừa ăn cưới mà còn có thể nhìn ra biển nữa. Sau khi ăn xong còn có thể cùng bạn bè tản bộ dọc bờ biển cho tiêu bớt, thực sự là một nơi tuyệt vời để tổ chức tiệc cưới và lưu giữ kỉ niệm :D",4
134,"Một nơi khá gọn gàng và đẹp. Nhìn từ bên ngoài, nhà hàng trông rất ấn tượng . Lý do tôi thích nhà hàng này là vì thức ăn và nhân viên của nó. Các nhân viên rất hữu ích và thân thiện, vì vậy khách hàng thường có khoảng thời gian dễ chịu ở nhà hàng này. Thức ăn rất ngon. Nói chung dịch vụ ở đây là tốt. Bạn bè của tôi và tôi thường đến đó khi chúng tôi muốn đi ăn.",5
135,"Món ăn ở đây ngon, hương vị đậm đà
Phục vụ rất nhanh, chu đáo, vui vẻ.
Không gian nhà hàng tạo cảm giác ấm cúng, gần gũi, rộng rãi, mát mẻ. Thực đơn gồm những món ăn bình dị, mang hương vị gia đình.",5
136,"Mình vừa đặt một con gà thả vườn ở nhà hàng Mộc Viên, nửa con nướng, nửa con hấp cùng với bộ lòng xào mướp. Từ lúc mình đặt thì khoảng 1 tiếng sau thì đã xong, lúc mình mang về gà vẫn còn nóng. Cả nhà ăn xong ai cũng nói gà khá ngon, ăn vừa miệng. Đặc biệt, mình rất thích phần đồ ăn kèm rất là nhiều như dưa chua, dưa chuột, cà chua và rất nhiều loại nước chấm khác nhau (tuỳ theo sở thích mỗi người). So với mặt bằng chung tại Tp.Quy Nhơn thì 1 con gà/195k cũng không quá đắt, cũng không rẻ quá, tóm lại là giá cả phải chăng, đồ ăn ngon, thế thôi!",4
137,"Nhà hàng Mộc Viên là một nhà hàng đủ tiêu chuẩn phục vụ khách du lịch với không gian rộng rãi thoáng mát, đồ ăn được nêm nếm theo yêu cầu, phục vụ tận tình. Quý khách đi theo nhóm nhỏ hoặc gia đình, nhà hàng vẫn có không gian riêng tư. Nếu có dịp đến Quy Nhơn, nên ghé Mộc Viên để cảm nhận ẩm thực miền Trung nói chung và ẩm thực Bình Định nói riêng",5
138,"Ấn tượng với không gian ở đây, không gian nhà gỗ nhưng rất sang trọng, ấm cúng. Có nhiều góc chụp để checkin sống ảo. Giá cả phù hợp, cà phê rẻ chỉ từ 9.000 đến 10.000/ly à, ngoài ra còn những loại nước ép, trà lipton.. Tuy nhiên, menu món nước ít đa dạng như các quán cfe khác. 
Ở đây có phục vụ cơm trưa, tối nữa, những món ăn dân dã như cơm niêu, cá kho, canh riêu..rất thích hợp cho những bữa tiệc công ty, gia đình, các đoàn tour khi du lịch tới Quy Nhơn.
Mình cực ấn tượng với món gà quay kèm xôi lên mẹc ở đây, ngon đậm đà. Giá cũng rẻ nữa, đi nhóm 4 5 người gọi 1 gà quay và thêm ít món nữa, ít lon bia mà chưa tới 500k. Nhìn bill mà thấy ngạc nhiên gà 195.000/con, tụi mình còn tưởng nhà hàng tính nhầm nữa cơ :)). Nói chung là hài lòng 👍👍",5
139,"Quá hấp dẫn mọi người, combo 28.000 /tô bún riêu ngon bá cháy và ly cafe nguyên chất đậm vị. Chiều chiều cả nhà kéo đi ăn gà ngon hết sẩy con bà bẩy, 195000/ con gà ta thả vườn, 4 người ăn. Ở nhà bận việc thì mình gọi nhà hàng ship mọi người.",5
140,"Không gian ấm cúng độc đáo.
Món ăn đậm đà, phong phú, đa dạng.
Sẻ ủng hộ lâu dài",4
141,"Quá đã 195.000đ/ con gà. rẽ quá. cùng với bia Quy Nhơn. Còn Gì nữa mà chần chừ.
Gà ngon và chất lượng.",5
142,"Gia đình mình vào ăn tại đây mà phong cách phục vụ rất kém, ngồi chờ 20p chưa có đồ ăn trong khi người tới sau lại có trước. Và đồ ăn thì 1 phần 2 con cá mà chỉ có 1 con, ban đầu ko biết ăn xong mới phát hiện. Thật thất vọng.",2
143,"Được anh taxi chở qua chứ cũng k biết quán này từ trước,lúc mới đến thì lo là đắt lắm vì nhà hàng kiểu sang trọng,ai ngờ 6 người ăn no nên chưa hết 600k 
Ăn cá bống kho,ốc bưu om chuối đậu,heo tộc da giòn,cơm rau rừng",4
144,"Lần đầu ghé nơi đây bằng một cơn mưa nhè nhẹ. Tấp vào nhanh chóng tháo bỏ bộ đồ mưa và nhảy vào mâm cơm thôi. Mâm cơm quá đã hoành tráng, nào là cơm niêu, gà nướng, lẩu cá lóc,... đồ ăn rất ngon ăn no hết cỡ luôn. Nhân viên khá là chu đáo, dễ thương nữa. Sẽ quay lại nếu có dịp đến lại nơi này",4
145,"Mình vừa đến nhà hàng này cùng gia đình vì đã xem trên foody và thấy review cũng khá ổn. 
-Điều đầu tiên mình cảm nhận được là không gian quán rất rộng, chủ yếu là từ gỗ nhưng vì để quá nhiều bàn ghế và cách bài trí nên nhìn rất xấu, và còn khá nóng nhưng mình cũng không quan tâm lắm vì chủ yếu là món ăn và giá cả
-Mình order cá dìa chiên mắm xoài, sườn nướng ngũ vị, rau muống xào, canh chua. Nhưng nói thật so với mặt bằng chung thì là quá đắt ở Quy Nhơn
-Gia đình mình chờ 40 phút mà vẫn chưa có gì bưng ra trong khi lúc mình vào chỉ có 1 mình gia đình mình, hoàn toàn không có khách khác
-Thái độ của nhân viên order, nhân viên phục vụ, đầu bếp trưởng và thậm chí là quản lý cũng cực kì vô trách nhiệm và thiéu văn hoá. Lúc mẹ mình vào hỏi tại sao vẫn chưa lên món thì bếp trưởng liền lớn tiếng với mẹ mình và xua tay kêu mẹ mình đi lên chỗ khác. Quản lý cũng không xin lỗi. Gia đình mình quyết định không ăn nữa và tính tiền ra về thì nhân viên tính tiền ra quăng bill xuống bàn. Giá của 1 con cá dìa là 391,000đ )) 
Mình sẽ không bao giờ tới quán này ăn nữa và cả những người quen của mình cũng thế. Các bạn nên suy nghĩ trước khi đến ăn kẻo lại rước bực mình vào người. Và mình nghĩ chủ nhà hàng nên chấn chỉnh lại cách làm việc và thái độ của quản lý, dau bếp và nhân viên không thể nào có chuyện nhân viên ngồi cùng chỗ rồi ăn cơm trước mặt khách như vậy được. Thân!",1
146,"từ Sài Gòn bay về Quy Nhơn chơi, được bạn bè dẫn đi quán này, view khá ổn, đồ ăn nhiều nhưng giá cực phải chăng ( so với sài gòn ) khoảng 1/2 thôi, đồ ăn bưng lên cũng nhanh, chất lượng khỏi phải bàn
có điều nhân viên hơi lớ ngớ khoảng phục vụ nước, mình phải gọi 3 lần",4
147,"Quán ăn ngon, không gian thoáng đãng ạ.
Nói chung để ăn cơm gia đình thì đây là lựa chọn k tệ chút nào kaka.",4
148,"Lâu lâu về Quy Nhơn chơi, được gia đình rủ rê tới quán này ăn. Cảm nhận đầu tiên của mình là không gian quán rất ấm cúng, lịch sự, thoải mái. Món ăn nêm nếm rất vừa miệng, chất lượng đồ ăn tươi ngon, nhân viên phục vụ dễ thương tận tình. Giá cả thì hợp lý vô cùng, tiếc là lúc đó chưa là thành viên của foody, không thôi sẽ chụp hình và sẽ có review chi tiết hơn cho các bạn.",4
149,"Trưa ngày đầu tiên đến Quy Nhơn đoàn mình được đưa đến nhà hàng này dùng cơm tru79a.
Mới đọc qua tên nhà hàng cũng đã mường tượng đượcnhà hàng xây cất bằng gỗ rồi, không gian rộng rãi mát mẻ.
Đoàn mình 12 người mà nhân viên dọn cái bàn chút éc (chừng 1m vuông), biểu ăn sao k biết, chắc 1 người ăn 2 người nhịn vì k gắp được.
Có chú quạo quá la lên, mà có nv nữ nói ngồi được mà, nhưng k ai chịu nên kéo thêm 1 bàn vô, vậy mà còn chưa được thoải mái cho lắm nữa kìa.
Thực đơn món ăn bình dị thôi nhưng với mình thấy rất ngon, nêm nếm k khác j vị ở SG (trong chuyến đi tour thì mình thấy hài lòng nhất so với những chỗ khác).",4
150,"Pizza bò sốt tiêu, và khoai tây chiên khá bình thường, pizza bò thực tế không nhiều mà nhiều khoai tây, ăn ngán. Sẽ order thử món khác xem sao",3
151,"Mình ko thích pizza lắm, lớp vỏ bánh quá dày
Tuy nhiên, với giá cả này thì chất lượng vậy là ổn 
Phục vụ lâu, chờ hơn nửa tiếng mới ra món😔😔😔
Ko gian quán hẹp",2
152,"Quán hơi chật, mà có đồ nướng với lẩu nữa,nên hơi bị ám mùi sau khi ăn xong. Nhưng được cái quán cũng khá sạch sẽ. Kiểu đồ ăn tây nhưng giá tiền lại Việt Nam. Đồ ăn ổn, Pizza rất thơm và ngon, nhiều phomai nên mềm lắm. Ba người ăn một cái là đủ rồi, đã cơn thèm. Món nướng thì ngon có nhiều lọi thịt như bò,ba rọi, đà điểu để mình chọn, nướng cuộn với xà lách tươi xanh chấm nước tương kiểu Hàn Quốc mà ngon lắm. Quán khá đông khách nên phục vụ hơi chậm. Nhưng mình vẫn sẽ quay lại",3
153,"Không gian quán thoáng, đồ ăn ngon, vừa khẩu vị😋😋",5
154,"Mỗi lần thèm pizza mình với em mình đều tới quán này. ☺️
Pizza không phải kiểu ngon thần kỳ nhưng được cái chất lượng rất ổn định, quán lại vừa có pizza vừa có bbq nên chị e mình siêu thích.
Lần gần nhất mình ghé có thử thêm mì ý xốt kem thịt xông khói, cũng khá ổn vì hơi khô mong quán khắc phục điểm này.
Pizza ngon nha ăn gần hết cái menu pizza rồi mỗi lần cứ thử một vị mới, vị nào cũng ok nên khỏi đắn đo nha cứ từ từ thử.
Nhân viên nhiệt tình, dễ thương nè.😍
Bữa có uống nước chanh dây bạc hà với chanh thảo mộc gì ý ngon lắm nha.😘😘",4
155,"Ngon dã man. Quán duy nhất quy nhơn có rau sà lách cuộn. Sạch sẽ, kim chi ngon. Pizza ngon. Vừa mới chuyển chỗ sang đường phan bội châu. Có 2 lầu. Khách đông. Nhân viên 4 người, có chú dắt xe nữa.",4
156,"Quán này giờ đã chuyển địa điểm qua bên Phan Bội Châu rồi. Mình thích đồ nước của quán hơn là pizza . Kim chi kèm theo đồ nướng ăn cũng khá ngon, có điều hơi ít, toàn phải kêu mua thêm 5k/ phần :D .",3
157,"Ăn ở đây nhiều lần lắm luôn rồi, ăn tại chỗ có, đến mua về có và hôm nay là gọi giao hàng. Chưa 1 lần mình thất vọng về quán
Quán hơi nhỏ nhưng sạch sẽ. Bánh thơm, nóng, viền giòn, thêm phomai hay không đều ngon hết, cho tương ăn ngập mặt luôn:))
Nhân viên dễ thương, nhiệt tình, chu đáo. Gọi xác nhận cũng nhanh nữa.
Giao hàng nhanh vô cùng, bánh đến nhà nóng hừng hựng, nguyên vẹn, mình rất hài lòng!",4
158,Nay quán đổi địa điểm sang đường phan bội châu rồi. Ở đây kết nhất là pizza ạ. Đồ nướng vs lẩu cũng cơ bản là ổn.,4
159,"1 trog những quán pizza đầu tiên ở Qn, ngày xưa ở đường Chương Dương sau chuyển về đây thì fai. Pizza giá thành rẻ so vs những quán như Enjoy (nay đã dẹp tiệm) và Buratino nhờ nguyên liệu đơn giản hơn. Tất nhiên so vs chất lượng pizza sg hay hn thì ko bằng nhưng ăn cũng vừa miệng. Có nhiều món ăn lai rai cũng ngon như bò nướng quấn xà lách, hay bò nhúng dấm chấm bánh mì, mỳ ý bò bằm...",4
160,"Không gian nhỏ nhưng ấm cúng, các bạn nhân viên nhiệt tình cực luôn nhé.
Mình gọi cái set 3 gồm bò và đà điểu nướng, thêm cái lẩu 70k nữa là ăn 2ng vừa đủ ^^ 
Đồ nướng ở đây tẩm ướp ngon vừa miệng, nướng kèm bơ và dầu thơm nực.
Lẩu ngon, nhưng bún hơi ít, toàn phải gọi thêm ~.~ 
Đồ ăn kèm ngon, cực thích kim chi :3 
Nghe bạn mình nói pizza ở đây cũng ngon lắm mà chưa thử 😌😌 hẹn bữa sau quay lại ăn ;)))) 
Anyway hài lòng vs quán này ^^",4
161,"Quán nhỏ nhỏ xinh xinh 2 tầng . Nhân viên phục vụ thân thiện . Quán mát mẻ , đơn giản . Đồ nướng được ướp đầy đủ hương vị , tự tay khách chiên thịt để được độ chín phù hợp với từng khẩu vị . Miếng thịt đầy đủ hương vị nóng hổi được đặt lên lát xà lách bên trong có thêm kim chi , dưa leo , rau tía tô rồi cuộn tròn lại . Chấm vào nước sốt đen trong chén hay dùng thay bằng sốt cà + tương ớt . Bỏ vào miệng vừa nhai , khói nóng vừa bốc ra nghi ngút , ăn vào mùa lạnh thì tuyệt vời luôn ! Pizza ngon , giòn . Nhược điểm là trà chanh ở đây rất ngọt , bỏ quá nhiều đường , mặc dù khi book đã nói ít đường nhưng khi đưa ra vẫn rất ngọt . Giá cả rất rẻ . Đồ nướng từ 60k trở lên , salad 25k , pizza 45k trở lên . Nước uống từ 10k ❤️ luôn luôn ủng hộ quán",4
162,"Pizza biến tấu cho phù hợp người Việt ăn hơn, suất nhỏ to phù hợp nhưng bánh hơi khô, rìa cứng. Có món BBQ giá tốt, rất dễ ăn, vừa tự nướng tự ăn rất vui. Quán chật ních, ngồi trong dễ bị hun nóng. Nhân viên ổn. Nước uống cũng khá ngon. Nói chung có thể là địa điểm đi thường xuyên được",4
163,"Pizza ở đây khá ngon , giá cả phải chăng , ngoài ra còn có bò nướng bơ rất ngon ^^ .",4
164,2 vk ck đi ăn . Tc hết 1019k . Tóm lại là đồ ăn tươi ngon . Mà giá thì hơi đắc đỏ so với các nhà hàng kahcs . Mình gọi 1kg cá nữa hấp nữa nấu cháo 1 gỏi mực 1 ngao . Mà hết 1019k .,2
165,"2 đứa con gái đi ăn, gọi 1 sứa chan nước lèo, 1 cơm rang muối ớt. Lúc bưng ra mà thảng thốt, nồi nước lèo bằng cái bát ăn mì tôm loại bé, sứa đã độn rau đc 1 đĩa bé bé. Đĩa cơm rang cũng suy sinh dưỡng.
380k cho nồi sứa, 110k cho đĩa cơm. Tổng cộng bị chém đẹp 490k.
Say goodbye, ko bao giờ có ý quay lại hay review cho bạn bè thử nhé!!!",2
166,"Hoa hoa chỉ ngon và mát khi về đêm, ban ngày thì k mát cho lắm vì thời tiết dạo này nắng đỏ lửa.
Lẫu sứa, mực cơm chiên và 1 ít món khác, nếu bạn không phải khó tính thì sẽ ăn được và ngon, cảm nhận theo tôi là vậy. Nhưng giá nơi này không rẻ vì thế mới gọi là 1 trong những quán ngon và mắc, nên đi đông khi tới nơi này dễ chia tiền hơn . haha. À mà nhân tiện ai hay uống bia thì phcu5 vụ chua đáo lắm, có khi chia bia hết lúc nào không hay, hãy nói nhỏ phcu5 vụ để mình tự rót là được",4
167,"Chỗ này sát mé chỗ tàu biển cập bến.
Về món ăn có món được món không,nhưng chế biến ổn.nói chung món nào cũng bỏ ớt trái vào nấu. Mình gọi cá mú 1 con làm 2 món nấu cháo rau tía tô,cá hấp cuốn bánh tráng. Con khoảng kí 3 hết 700 mấy món đó.hàu sữa 25k chế biến nướng hơi dở vì khui hào xong k rửa sơ qua nước nên rất mặn,sò điệp 2Ok/con ,sò to nướng mỡ hành có nên gia vị vào nên vừa ăn. Ngêu thì lại hấp xã bỏ thêm lá dứa nên mình thấy làm nước ngêu không ngon.cơm chiên hải sản được.mỗi thứ đều kêu 2 phần + bia nước ngọt đậu phộng hết 2tr3. Mà lu bu nhất là đậu phộng luộc tính tiền riêng.phục vụ thì mình đến vào buổi trưa nên ít khách ,phục vụ được nhưng chế biến hơi lâu.
Không gian thì sàn gỗ bè nổi, cũng rộng.thoáng.",4
168,Mình mới vừa đi về. Đồ ăn thì tạm được món hàu thì dở tệ. Được cái đồ tươi thôi. Nhưng quán tính tiền rất mập mờ. Ghi thêm bia vào . Rồi tính tiền ko đúng như menu. Ai có đi thì nên tính cẩn thận mới đưa tiền.!!! Nói chung ấn tượng xấu và ko quay lại,2
169,"Quán nằm trên cái bè nổi sát đường, xung quanh toàn là rác. Nhóm mình đi 5 người kêu 1 lẩu sứa, nửa tô nước lèo, 1 dĩa cơm rang hải sản, 5 con hào nướng phô mai và 3 lon 7up. Tổng chi là 700k. Cơm rang ăn cũng bình thường, hào quá dở con bé tí đem đi nướng phô mai thì khô khóc ăn chả thấy mùi vị gì được cái lẩu sứa ăn lạ miệng. Nói chung là mình thấy quán bình thường chả có gì đặc biệt ngoài cái lẩu sứa. Riêng mình vì lần đầu ăn sứa nên khônng biết về bị dị ứng ngứa và sưng xung quanh miệng. Mọi người nếu chưa ăn sứa thì khôg nên ăn quá nhiều nhé chứ để dị ứng nặng là phải uống thuốc đấy",2
170,"Quán dựng trên biển và đông khách, nhân viên nhiệt tình. Mình 20h30 mới đến gọi nhiều món ko thấy còn, sứa nước kèo ngon, gọi lẩu hải sản thì nhân viên bưng xoong ra hải sản đã trút sẵn vào, không bày ra đĩa như những chỗ khác mà lẩu cho cá thu vào cực tanh. Menu không đề giá, giá cả khá cao so với mặt bằng chung ở quy nhơn.",3
171,"Dĩa nào dĩa nấy to tổ chảng. Phong cách phục vụ rất tốt. Cho nên giá cao so với mặt bằng chung ở đây, nhưng so ra là quá rẻ nếu ăn trên tàu ở HCM hoặc ở các nơi du lịch khác. Sứa nước lèo rất ngon, 1 phần như vậy là cho 4 người lớn ăn đó. Sò điệp nướng mỡ hành ok, cơm chiên trứng giòn rụm.",4
172,"Nhà hàng này món ăn rất ngon, hải sản tươi sống ăn là ghiền luôn, không gian thoáng đãng phù hợp với gia đình hay tiếp khách hàng gì cũng ok hết. Mỗi tội giá hơi chát nên ko thể ghé thường xuyên huhu",4
173,Các món hải sản tuyệt vời!!! Theo mình: cho đến thời điểm hiện tại đây là nới chế biến hải sản RẤT ngon ở Quy Nhơn mà mình biết (gần trung tâm) kêu thử món nào cũng đều ngon! Rất hợp khẩu vị của mình! Chỉ có điều vì quán thường rất đông vào giờ cao điểm nên hơi... lộn xộn xíu 😜!,4
174,"Đồ ăn ở đây khá ngon, phục vụ tốt. Thích nhất là món sứa nước lèo với tôm gì đó chiên mắm. giá cả hơi mắc nhưng vẫn xứng đáng. Vị trí trên biển, mát.",3
175,"Tối giữa tuần mà nhà hàng quá đông, 7h chật kín người. Phục vụ nhanh nhẹn, nhưng lên món siêu lâu, chờ đợi mỏi mòn.
Giá hình như có thể cao nhất trong các quán hải sản tôi đã từng đến tại Quy nhơn, menu không ghi giá tiền từng món. Đi 4 người lớn, uống ít bia, gọi Xìa hấp, cơm chiên, cháo hàu, sứa nước lèo,cá mú hấp, ăn vừa đủ no mà bill ra 2.2tr, thật sự rất ngạc nhiên!",3
176,Thấy nhà hàng cũng xa xa. Là bè nổi trên biển. Không gian nhỏ. Nói chung là chật. Nhưng món ăn đều rất tươi ngon. Ốc rất tươi. Tôm đúng tôm vùng biển con nhỏ hay con lớn đều rất ngọt và chắc thịt. Ốc cũng rất ngon ngọt. Đặc biệt món cá bống mú cuốn bánh tráng ăn rất lạ. Và lạ hơn nữa là món sứa nước lèo. Nói chung mình ăn không quen nên chỉ thấy mỗi nước lèo là ngon thôi. Sứa dai không ngon.,4
177,"Nhà hàng thuyền này nằm lênh đênh trên biển, view đẹp nhưng  có mùi hôi do rác đọng gần bờ. Buổi tối gió mát lồng lộng. Menu chuyên về hải sản , ngoài những món quen thuộc như ngao , mực trứng, cua gạch hấp, còn có những món mới như gỏi cá sống, ăn kèm với rong biển, lẩu sứa ăn giòn giòn, ăn kèm với gạch cua, cùng các loại rau khác nhau.Tối nào cũng đông khách cả, giá cả hơi cao so với mặt bằng chung. Mình cực thích ăn ốc nhảy hấp sả, tôm đất nướng và lẩu hải sản ở đây.",3
178,"Nhà hàng này chuyên về hải sản đặc trưng Quy Nhơn. Ngoài những món ăn hải sản quen thuộc như ngao hấp, mực trứng hấp, cua gạch hấp, còn có những món mới lạ như gỏi cá sống, ăn kèm với rong biển, thịt cá chắc và ngọt, ăn rất hay, cùng với lẩu sứa ăn giòn giòn, ăn kèm với gạch cua, cùng các loại rau khác nhau. Nhà hàng nằm trên thuyền lênh đênh trên biển, view đẹp nhưng nhiều hồi có mùi hôi do rác đọng gần bờ. Tối nào cũng đông khách cả, giá cả hơi cao so với mặt bằng chung",4
179,"Quán năm trên 1 cái thuyền/tàu khá to trên bờ biển luôn. Quán có nhiều đồ ăn lạ và khá ngon như nhà mình đã gọi có tôm biển, cá cờ kiếm ăn sống cuốn gỏi, lẩu sứa nước lèo, cháo hải sản, mỳ xào hải sản, ngao hoa hấp, mực hấp. Nhà mình đi 25 người mà tính ra khá đắt. Cả bữa hết 7 triệu lận @@ có biết là ngon và lạ nhưng giá này vẫn chát quá. Nhân viên ngoan, nhanh nhẹn, làm đồ hộ múc chia các bát nhanh gọn mà cũng đẹp mắt nữa.",3
180,"Nhà hàng này là điểm đến yêu thích của gia đình mình. Món ăn rất tuyệt, tươi ngon, già kh6ng quá mắc. Phục vụ rất nhanh, rất nhiệt tình. Nước chấm đủ loại, cực chất nữa. View thì đẹp nhưng tùy chỗ. Có chỗ nhìn ra toàn là rác, thấy mà ớn, nghĩ tới hết muốn ăn. Ngoài cổng càng tệ, không chỉ có",4
181,"Mình là khách du lịch, tìm đường đến nhà hàng thiệt vật vã, phải hỏi mấy người đi vòng vèo mới đến được. Nhưng ko bỏ công, nhà hàng có view đẹp, ăn uống trên tàu và ngắm biển cực thích. Tiếc là mình đi với người lớn nên không tiện chụp hình.
Phục vụ nhanh nhẹn, thân thiện.
Món ăn cũng ok, có món cá gì chiên xù rất ngon nhé. Giờ nhắc lại vẫn còn thèm.
Cả đoàn 14 người ăn hết 7 triệu. Cũng không quá mắc.
Có điều WC có cửa sổ nhìn ra biển nên cũng hơi ngại. Haha",3
182,"Quán quá tệ, vào cổng chưa uống gì đã thu 50 ngàn. nước uống thì dở. Làm ăn chỉ muốn thu tiền của khách mà không hiểu đạo lý kinh doanh. Không bao giờ quay lại.",1
183,"- Với nơi này tôi nghĩ nhiều hơn về eo biển, chắc ít ai biết về eo biển quy nhơn nơi sóng vỗ ầm ầm, gió thổi ào ào hòa quyện tiếng sóng nhưng làm tan biến đi mệt mỏi sau những giờ làm việc căng thẳng hoặc có chăng là 1 nơi lý tưởng để suy ngẫm.
- S.Blue thì thoe được biết nơi này là xây trên eo biển cũ, không gian trong và ngoài như chữ C (nếu theo nét vẽ thì chữ C sẽ mềm mại hơn). Vài điều về nơi này:
+ Không gian rộng, thoáng thích hợp cho mùa hè hoặc mùa thu, màu đông thì tốt nhất vào bên trong. Nơi này có Bar nhưng nếu đi thì cuối tuần đông hơn, ngày thường ít, thích hợp hơn là cafe, đầy đủ tiện nghi cho giới trẻ sống ảo.
+ Dịch vụ cao so mặt bằng chung ở quy nhơn, không rẻ nhưng nếu là người thu nhập 5-10tr/1 tháng thì có thể không mắc lắm, còn thấp hơn sẽ nghĩ là mắc (theo mình vậy). Phục vụ gọi là được vì do nơi này quá rộng",4
184,"Thật ra quán này rất nổi tiếng,nhưng mỗi năm mình chỉ dám đến một lần,vì giá cả hơi đắt,nên chỉ dành cho khách du lịch với có lẽ người thuộc tầm trung trở lên, quán đầu tư trang trí và view rất nhiều, buổi tối là không gian lung linh hết cả một góc trời,vô cùng rộng vì nó trải dài theo bờ biển Quy Nhơn thích hợp để hẹn hò thì lãng mạn không tả nổi luôn, không ngồi một lần thì cũng hơi phí thanh xuân, nước uống thì bình thường như những quán khác,không có gì đặc biệt, đồ uống cũng trang trí không có đẹp mắt.",3
185,"Một quán cà phê, nhà hàng, bar rất sang trọng tại Quy Nhơn, nó thực sự nổi tiếng và thu hút khách du lịch. Có một khoảng không gian rộng lớn, nằm sát biển, view ban đêm rất đẹp với ánh đèn lung linh, có âm nhạc đặc sắc. Thức uống cực kỳ ngon nhưng giá cả thì khá là đắt so với sinh viên, chỉ phù hợp với khách du lịch và khách hàng hạng sang Từ s.blue, bạn có thể ngồi nhìn biển đêm rất là ok, nhân viên ở đây thì nhiệt tình vui vẻ lịch sự",4
186,"Tới quán vào buổi chiều bằng xe đạp, nhân viên có hơi chậm nhưng k đến nỗi, gọi cocktail Seapink, k ngon nhưng uống đc, độ cồn có hơi nặng hơn tui nghĩ, cảnh rất đẹp! Trang trí cocktail xấu quá! :)))",4
187,"Một trong những quán cf tệ nhất tôi từng đến . 
Nhân viên gương mặt như muốn giết khách hàng khi chúng tôi gọi đồ uống . Bàn dơ chúng tôi đề nghị lau bàn , nhân viên miễn cưỡng cầm dẻ lau như muốn vức vào mặt khách , thiết nghỉ các bạn ko nên đến đây vì nơi đây ko mang lại dịch vụ tốt nhất cho bạn . 
Nếu ông chủ muốn phát triển quán hơn tôi đề nghị nên có cách quản lí nhân viên tốt hơn với thái độ phục vụ khách hàng .",2
188,"Mình đi vào tối t6, có nhạc acoustic nhộn nhịp lắm, quán rất đông mà phục vụ nhanh nhẹn lắm, thích mấy bé nhân viên dễ thương nè, đồ uống cũng okie, giá cả phải chăng, dàn nhạc hay lắm nghe mê ly hihi",4
189,"Cafe tạm ổn với giá chứ k gọi là ngon...
Đi trưa nắng tưởng có máy lạnh vô ngồi máy quạt cũng không có... hỏi nhân viên có bàn nào mát lạnh hơn không thì lơ luôn... hỏi nhân viên khác mới chỉ được cho chổ ngồi mát hơn tí...
Quán thì dơ quá mà k dọn dẹp... ly chén dĩa để k rửa do thiếu nhân viên hay sao k biết nhưng để ngay chổ làm đồ ăn nhìn mất lịch sự!
View trong phòng cũg quá xấu... để mấy cái bảng royal group gì k biết nhìn tạp nham...
Nói chung là quá thất vọng... chắc chỉ phù hợp đi ban đêm! Haizzzz
(Có nhiều quán cafe view biển thay thế hơn S-Blue)",1
190,"Mình mới tới Quy Nhơn lần đầu, được anh hướng dẫn viên giới thiệu quán cafe này. Quán nằm đối diện quảng trường, bên bờ biển, không gian rất rộng với 2 không gian riêng biệt, ngoài trời và phòng máy lạnh, mình đi buổi tối nên ngồi ngoài trời, mát lạnh luôn.
Buổi tối đèn lung linh nhìn không gian lãng mạng, tối chủ nhật nên có hát aucostic nữa.
Nhân viên quán khá nhanh nhẹn và thân thiện.
Mình uống sữa chua việt quốc, 45k, giá khá hợp lí, vị vừa miệng.",4
191,"Bạn mình kêu nước ép mix giữa cà rốt và thơm, giá lẻ mỗi loại là 35k. Vậy mà mix lại vẫn cùng dung tích của một loại mà giá 69k, GẤP ĐÔI?! Kêu bạn nhân viên ra hỏi thì xin lỗi rối rít vì quên báo giá xem tụi mình ok không. Cuối cùng cũng chỉ xin lỗi vs giải thích. Nước cũng dở, giá không tương xứng chất lượng, được mỗi không gian rộng với view biển đẹp.",1
192,"Nước và càe tạm được nhưng phải gọi là quá đắt đỏ . Nước ở đây thấp nhất là 35k . Thái độ nhân viên thì không được thân thiện cho lắm . Tuy nhiên điểm cộng là view nhìn ra biển khá đẹp ( nhưng hơi lạnh ) , trong phòng điều hoà thì ấm hơn nhưng không có gì đặc sắc . Có thể lựa nhiều quán trong nội thành view đẹp hơn mà giá cả phải chăng hơn .",2
193,"Hồi xưa đây còn được gọi là eo nín thở, nay sblu mọc lên rất đẹp tạo 1 địa điểm du lịch 1 cái nhìn khác cho quy nhơn nói chung và sblu nói riêng. View quán rất đẹp, rộng rãi, buổi tối quán lên đèn khỏi khỏi bàn luôn, lộng lẩy luôn. khách khá là đông vào giờ cao điểm, nhưng mình để ý khách ở quá đa số là người có mức thu nhập tầm trung trở lên, và những nhóm tiệc tùng, tổ chức sự kiện. Menu của quán khá là nhiều món nhưng giá thì hơi chát, mà cũng tại quán khá là sang. Nhân viên ở đây ko được thân thiện cho lắm. Nếu có dịp đi ăn uống thì mình sẽ chọn quán có giá cả thấp hơn 1 xíu, còn để chọn quán view sang thì sẽ chọn s.blu này <3.",4
194,"Đợt đi du lịch với công ty ra quảng trường dạo, tìm chỗ uống nước nên ghé quán này. Không gian quá chời rộng. View bờ sông mát mẻ. Giá cả cực kì đắt đỏ
Nhân viên k thân thiện lắm
Menu nhiều món
Mình gọi trái dừa nước, giá 40k thì phải",3
195,"Phải nói chủ quán này dư tiền.
Mở quán đầu tư hoành tráng mà chả có tí ý tưởng nào.
Quán nước thu tiền cao phải có tí nghệ thuật biểu diễn chứ.
Nhân viên trả tiền cao mà không đào tạo lơ ngơ. Phụ vụ kiểu nhà quê mà thu tiền kiểu sài gòn.
Chưa đem nước ra mà đã thu tiền.
Nước uống thì chả có gì đặc sắc mà còn quá mắc. Gọi kem chả có.
Vào sài gòn học lại.",2
196,"Cảnh quan tạm ổn. 
Nước uống không ngon lắm, giá hơi cao. 
Nhân viên phục vụ kém, ko xem trọng khách. 
Quán cafe nằm ở tp du lịch mà 22h đã dọn dẹp khiến khách đang ngồi phải đứng dậy bước đi. 
Tóm lại, chỉ được cái view tạm ổn, ngoài ra không được gì cả. 
Quy Nhơn sẽ mất điểm rất nhiều trong mắt du khách khi những quán như thế này không thay đổi.",2
197,"Dịch vụ quá kém.
KH ngồi 10' thì không có nhân viên gửi menu phải hỏi xin 3,4 lần
Vừa mang nước ra được 5' chạy qua "" cho e xin thu tiền, vì quán sắp đóng cửa"".",2
198,"Mình thấy S BLue rất bình thường từ cách bài trí cho đến đồ uống (nếu như ngồi cafe). Cách decor không gì nổi bật, nếu so sánh thì thua bên Surf Bar vì Surf Bar có concept thiết kế rõ ràng, có điểm nhấn, còn chỗ này chỉ ăn được mỗi cái view ngồi ở ngoài ngay khúc eo thôi. Không gian trong nhà càng chán nữa vì khá ngột, bàn ghế sắp xếp chưa khéo.

Hôm mình đi có đãi tiệc ngoài trời ngay bên ngoài với điều kiện bạn phải đặt bàn trước. Các món ăn như hải sản, các loại thịt, rau quả.. Còn giá cafe thì từ 30l
trở lên.",4
199,"Quán nằm ở Eo Gió vị trí cực đẹp của QN và đang khá hot nhưng khi ghé thử thấy ko như mong đợi
quán có ko gian ngoài trời và trong nhà, khu ngoài trời thì ko có gì để bàn vì đón gió biển rất thoáng mát và lung linh. Khu trong nhà deco cũng trẻ trung , rộng rãi nhưng hôm đó bật nhạc Hàn chát chúa theo mình nếu bật nhạc du dương sẽ lãng mạn và hợp ngữ cảnh hơn, tạo ko gian sang trọng hơn.
Đồ uống giá cao nhé, nhưng hợp lý. 
Nếu có qay lại sẽ ngồi ở ngoài chứ ko vào trong nữa.",3
200,"Là điểm đến cực kì sang trọng và thoáng đãng dành cho tất cả mọi người ở mọi lứa tuổi, rất phù hợp cho các buổi gặp mặt gia đình bạn bè và người thân... nằm dọc đường xuân diệu phía sau quảng trường trung tâm... là địa điểm lý tưởng để các bạn đến vui chơi và ăn uống... mặt bằng quán hướng ra biển và có dược đặt dưới lòng đất... các bạn hãy đến và cảm nhận đi nào... sẽ không phí 1 chút thời gian của các bạn đâu... các bạn có thể sống ảo các kiểu với ánh đèn lung linh đủ màu sắc...",4
201,"Đồ ăn tươi ngon, giá hợp lý, không mắc nếu so với giá trên SG. Có câu cá free mà câu hoài ko đc con nào",4
202,"Vừa ăn hải sản tươi ngon,vừa được trãi nghiệm tuyệt vời,có dịp sẽ quay lại",5
203,"Các bạn muốn qua đây thì search google maps là Bến Tàu Hàm Tử Đi Cù Lau Xanh. Như vậy sẽ dễ kiếm hơn, trên địa chỉ foody sai rồi. Đến đó bạn hỏi ngta tàu qua Hải Minh trong (vì có Hải Minh ngoài nữa, là nơi tượng đài Trần Hưng Đạo). Rồi nói ngta đưa đến Nhà Hàng Bè Nổi Biển Đông là ngta biết à. 
Rồi vô vấn đề chính, đồ ăn tươi ngon, giá hợp lý, không mắc nếu so với giá trên SG. Có câu cá free mà câu hoài ko đc con nào buồn dễ sợ :))).",4
204,"Buổi sáng hôm ấy gia đình mình đã có 1 chuyến đi Hải Minh thật tuyệt.
1. Đến cảng cá cầu Hàm Tử gia đình thuê 1 thuyền đò người dân chở tour trọn gói hải minh 350k gồm:
- Tham quan Tượng Trần Hưng Đạo, Ngọn hải đăng
- Sau đó xuống đò Qua Bãi rạng tắm mát và chơi, bãi biển trong và mát lại cạn nữa.
- Sau khi tắm ngán thì mình yêu cầu đò chỏ qua Quán bè nổi Biển Đông.
2. Quán biển Đông thật tuyệt, đến đây như thay đổi không khí hắn so với Quy nhơn, 
- Không khí trong lành
- Được câu cá thoải mái.
- Chủ quán nhiệt tình.
- Các món ăn phong phú thỏai mái lựa chọn, ghẹ, cua đá, cá hấp, mựa hấp, ốc sò..bao la lại còn bơi tung tăng dưới nước.
3. Ăn uông no nê nghỉ ngơi chiều đò đón về.
Một tour thật thú vị và còn rất rẻ mà ngon nữa. Sẽ quay lại.",5
205,"Những ai yêu màu "" xanh ngát xanh "" thì đây là một địa điểm không thể bỏ qua. Với tông màu xanh ngọc chủ đạo trong nội thất của quán, hòa cùng màu xanh của nước biển, của núi bên cạnh quán hay những con thuyền màu sắc xanh rực rỡ trước nhà hàng thì đây là một điểm check-in tuyệt vời rồi. 
Đặc biệt quán còn có dịch vụ câu cá free, khi bạn đến đây thì liên hệ nhân viên, họ sẽ cho bạn mượn cần và chuẩn bị mồi câu cho bạn.",5
206,"Nhà hàng nổi trên biển, đến với nhà hàng Biển Đông bạn sẽ cảm nhận 1 không khí trong lành, các loại hải sản sống như : tốm, cá , mữa, cua, ghẹ và các loại ốc !",4
207,"Cuối tuần vừa rồi gia đình tui đến đây, ngộ. Ở thành phố quen rồi, đi tàu ra một địa điểm cách thành phố có 10km mà như một quang cảnh hoàn toàn khác. Nhà hàng bè nổi, gió mát rười rượi, cá tươi bơi trong bè trông đã dễ sợ. 
tui với con em mượn anh chị chủ quán cái cần câu, câu cũng được dăm ba con cá sơn. hehe
sẽ quay lại đây.",5
208,Mỗi ngày một món ngon!,4
209,"Quán tuy vắng nhưng hải sản tươi sống rất ngon, giá cả phải chăng.
Tới cầu cảng ghe khoảng 10p là tới quán.
Sẽ quay lại nếu có dịp.",4
210,"Quán không gian thoáng mát, khu vực mát mẻ. là sự lựa chọn rất tuyệt cho kỳ nghỉ lễ cùng gia đình hay cơ quan. 
Có đồi sim ngay cạnh quán, dẫn con lên chơi, hái sim thỏa thích.
Đồ ăn ngon, hải sản tươi chứ không như mấy nơi, hải sản gì đâu. 
Cảm ơn quán. lần sau sẽ ghé ủng hộ",5
211,"Đến Quy Nhơn bạn nên ăn quán này. 
Quán này có thể nói là mới lạ.
Nhiều bạn ở Quy Nhơn chưa đi.
Nhưng rất món ăn ok về độ tươi sống.
Nếu đi Tầu Hoa Hoa thì ra đây ăn còn hơn.
Có điều Quán cần quảng bá số điện thoại rộng rãi hơn và thêm dịch vụ vận chuyển ra đảo.",4
212,"Quán này nằm ở hải minh , muốn ăn quán này phải tới cảng gởi xe , đi đò qua mất 30k 1 chuyến , không phân biệt bao nhieu người , đồ ăn quán này cũng rất rẻ , ngang những quán khác, được cái là đồ tươi sống, ăn quán này thi khỏi phải bàn cãi về độ tươi của món ăn rồi, toàn là đồ sống, khách nào gọi mới làm , chữ k phải kieu bỏ đông , nhân viên cung thân thiện, được cai quán bán từ sáng đên khuya 1g sáng muon qa ăn cũng có, mà nhà hàng nổi tren biển nên ăn ở đây chụp hình check in cũng thích, nói chung sẽ quay lại.",4
213,Món ăn ngon hấp dẫn thu hút người ăn. Không gian quán nhã nhặn phù hợp với mọi lứa tuổi có khu vui chơi dành cho trẻ em. Ủng hộ Phạm Gia dài dài,4
214,Bò mềm ngon không gian thoáng sạch sẽ.... Mình sẽ quay lại đây thêm nhiều lần nữa,5
215,"Nay có cả khu vui chơi cho trẻ em rất thích hợp cho gia đình. Quán còn có đặt trước để tổ chức sinh nhật nữa. Màu quán hài hoà đẹp mắt, thoáng",5
216,"Bò nè ngon, không gian sạch, quán rộng, có khu vui chơi cho trẻ em. Rất phù hợp với gia đình có con nhỏ.",5
217,"Bò né ngon chất đậm đà. Bánh mì nóng giòn, quang cảnh trong quán hài hoà đẹp. Tuy nhiên quán vẫn còn khá nóng. Có khu vui chơi cho trẻ em nữa",4
218,"Menu phong phú, đa dạng. Không gian thoải mái, rộng rãi, màu hợp mắt. Nhân viên nhiệt tình, phục vụ tốt. Có khu với chơi cho trẻ em. Mình rất thích ăn ở đây. Tuy nhiên, bánh mì vẫn còn mềm và nguội.",5
219,"Bò vừa ngon vừa thơm, trang trí đẹp mắt, làm cho mình cảm giác cực kỳ thèm ăn và muốn ăn thêm phần nữa. Giá cả lại hợp lý cho cả sinh viên nữa. Các bạn nhân viên cực kỳ dễ thương và lịch sự nói chuyện ân cần. Mình sẽ tới đây lần nữa và ủng hộ quán dài dài",5
220,"Menu phong phú, đa dạng. Không gian thoải mái, rộng rãi, màu hợp mắt. Nhân viên nhiệt tình, phục vụ tốt. Có khu với chơi cho trẻ em. Mình rất thích ăn ở đây. Tuy nhiên, bánh mì vẫn còn mềm và nguội.",4
221,"Bò vừa ngon, vừa nóng ăn đã miệng dễ sợ. Không gian quán rộng rãi, sạch sẽ. Màu của quán không hợp mắt mình lắm. Nhiều khi ra đồ ăn lâu, quán cố gắng khắc phục.",4
222,"Quán sạch sẽ, mát,rộng. Đồ ăn chất lượng, ngon. Menu nhiều món đa dạng, phong phú. Trang trí đồ ăn đẹp mắt. Đặc biệt có khu trò chơi cho mấy em nhỏ",5
223,"Bò né ngon mà chất lượng cực kỳ. Không gian đẹp, sạch sẽ. Nhân viên nhiệt tình. Có cả khu cho trẻ em chơi. Tuy nhiên giá cả hơi mắc, bánh mì đôi lúc không được nóng",4
224,"Nếu chưa bao giờ ăn bò né, thử đến Phạm Gia sẽ không bao giờ thất vọng. Vừa ngon lại vừa chất lượng, có cả chỗ cho các bé chơi nữa, quán ăn sạch sẽ thoải mái. Nhân viên phục vụ lại hoà đồng, vui vẻ. Rất hài lòng.",4
225,"Mình rất hài lòng về cách phục vụ của Phạm Gia. Đồng thời mình rất thích ăn ở đây. Món bò lúc lắc này ngon từ nước sốt đến cả thịt bò, giá cả vừa phải. Mình sẽ đến đây lần nữa",5
226,"Ngon tuyệt, chắc chắn ủng hộ",5
227,Mình vào gọi phần bò né phô mai size L ăn ngon mà chất lượng dã man. Trang trí đẹp mắt gây cho mình cảm giác thích thú khi thưởng thức. Chắc chắn sẽ quay lại và ủng hộ cho Phạm Gia,5
228,"Món ăn trình bày khá là bắt mắt. Nhân viên khá thân thiện, phục vụ tốt. Nay có cả nhà banh cho các bạn nhỏ tiện cho mình ngồi ăn thoải mái. Giá cả cũng vừa phải. Tuy nhiên màu của quán không hợp mắt mình cho lắm.",5
229,"Quán ăn rộng rãi, thoáng. Bò né thì mềm rất là ngon luôn. Hihi. Lần đầu tới quán này ăn mà thấy thích thật sự luôn. Hihi. quán chuẩn bị cả dây thun buộc tóc (chu đáo quá cơ, hí hí). Còn có cả khi vui chơi cho trẻ em nữa nè, Bố mẹ có con nhỏ có thể yên tâm nè.",5
230,"Quán không gian rộng rãi , thoáng mát, bò mềm ngon , giá cả phù hợp , nhân viên chu đáo và đặc biệt có khu vui chơi cho trẻ em",5
231,"Mình tới đây ăn 6 7 lần rồi, có vài lần đến trúng giờ cao điểm chờ tầm 10p có phần. Chất lượng phục vụ rất tốt, đồ ăn ngon <3",5
232,Ở quy nhơn quán này ăn pizza chuẩn nhất. Món nào cũng ngon hết. Giá thành cao hơn các quán pizza khác ở qn nhưng đáng.,5
233,"Hôm đi ăn trúng ngay buổi tối 1/6, vì quán đông và nhân viên phục vụ cũng mỏng nên bị sót bill của bàn mình mà không biết, phải chờ 30 phút mà chưa thấy món ăn, trong khi các bàn khác đến sau mà lại có món trước mình. Khiếu nại lại chủ nhà hàng thì được giải thích tình trạng bị sót bill nên bếp và nhân viên phục vụ không kết nối được. Các bạn nhân viên tại quán cũng chưa được huấn luyện kỹ nên còn khá lúng túng trước trường hợp này.Chủ quán cũng đã xin lỗi và giảm 10% bill cho mình kèm món bánh mì bơ tỏi được free. Pizza ngon, giòn dù mang về nhà ăn ( vì mình không thể chờ quá lâu ở quán), khẩu vị thuần Âu. Quán sạch và đẹp nhưng nếu mọi người muốn ăn kiểu thưởng thức nên đi buổi trưa để được không gian yên tĩnh, đồ ăn ngon.",2
234,"Đi Quy Nhơn cứ lo không có pizza ăn nhưng nhờ có foody nên đã tìm ra quán này nèeee 😆 Review tốt nên mình cũng rất háo hức và wow đúng là tốt thật á mọi người! 1st impression là quán cách ksan mình 200m )))), gần biển nữa. Đồ ăn ngon, hợp khẩu vị. Gnocchi sốt ngon, pizza thơm, phô mai ngậy, size 25cm mà chưa đến 150k @@ xỉu vì rẻ là có thiệt và sườn ăn vừa miệng. Cheesecake ăn chua chua còn brownie thì hơi cứng xíu, ncl ngon. Staff nice cực kì xong còn giới thiệu con chó giống gì này nọ cho mình nữa )))) Con bulldog tên Jimmy gì ó thì cute thực sự cứ ngồi chực ăn hôi buồn cười lắm 😅 Ăn 5 người thiệt hại 698k thôi (gồm cả nước). Chốt lại là kết quán này luôn sau này đến QN phải kéo thêm người đến mới được keke",4
235,"Sisters Tavern & Pizzeria nhà hàng ý luôn phục vụ những món đặc biệt hàng ngày , nay quán có phục vụ ăn sáng vào chủ nhật hàng tuần nữa , đồ ăn ở đây thì miễn bàn , món ăn ưa chuộng ở đây là beef steak được nấu độ chín theo yêu cầu của khách hàng , bánh tráng miệng tự làm rất ngon , thay đổi theo nhu cầu của khách hàng , nhân viên thì thân thiện , nhiệt tình , nhà hàng có chú chó jymmy vô cùng dễ thương nữa , có dịp các bạn nên ghé nhà hàng để thưởng thức các món ý tại đây sẽ thấy sự đặc biệt của nhà hàng ^^",4
236,"Nhà hàng Sisters với pizza, mì ý chuẩn kiểu tây, ngoài ra nhà hàng còn nhiều món khác như hamburger, bread, beef, và những món hấp dẫn khác, nhà hàng pizza mình thấy ngon nhất từ trước giờ được ăn ở quy nhơn, hương vị rất tây, nhà hàng có chú pet cực dễ thương Jymmy, không gian cũng rất lãng mạn cho những cặp đôi hẹn hì, nhà hàng còn nhận book tiệc như sinh nhật, 
Đặc biệt nhà hàng với dàn nhân viên trai xênh gái đẹp, phục vụ cực kì thân thiện, sẽ sẵn sàng tư vấn cho khách hàng nhiệt tình :))))",3
237,"Quán có không gian khá đẹp và ấm áp, thực đơn chủ yếu là món Tây Âu nên hương vị rất lạ miệng và ngon toẹt vời, giá cả hợp lí. Boss rất dễ thương và nhiệt tình, quán có bạn Franchese đặc biệt nữa. Quán thích hợp cho các bạn thích không gian yên tĩnh, họp gia đình cuối tuần, làm ăn với đối tác hay các bạn đang hẹn hò 🤗",5
238,"Bước vào quán ôi dời ơi Boss auto dễ thương nha.
Không gian nhỏ xinh xen lẫn ánh đèn vàng tạo cảm giác ấm cúng. 
Nhân viên vô cùng thân thiện...
Còn về phần pizza vỏ bánh dày vừa đủ, không cứng, giòn nhẹ, nếu lớp bột phủ bên ngoài ít lại thì còn tốt nữa. Nhân bánh ngon nhưng ko nhiều, gia vị theo kiểu Tây, hơi nhạt, thơm mùi phô mai. 
Theo cảm nhận của mình thì mình xin đề xuất mọi người gọi pizza từng loại riêng vì thập cẩm ko ngon lắm, có lẽ vì nó mix...
Nói chung là rất OK mọi người nên đến thử.",4
239,"Lâu ngày muốn đổi vị 1 chút, mình ghé quán để thử món mới. Không gian rộng rãi, sạch sẽ, được trang trí ảo diệu, dễ dàng có được những tấm ảnh ưng ý. Các bàn đặt không quá sát nhau, có khoảng không gian riêng, đủ để mình tám xuyên không với con bạn mọi chuyện trên trời dưới đất mà không sợ ồn ào cho bàn bên cạnh. Đồ ăn ở quán tuy là món Âu nhưng cách chế biến lại hợp khẩu vị người Việt mình, rất dễ ăn. Nay giảm cân chỉ dám ăn gà cảm thấy hài lòng, hợp khẩu vị.",5
240,"Sisters Tavern was Grade-A Italian. The owner has quite a lot of experience making pizza so they had pretty authentic recipes and taste. We ordered the truffle hunter pizza, arancini, and the cheeseburger with fried egg and bacon. They were all great dishes, but the arancini was top-notch. The owner and employees are all so friendly and welcoming- they made us feel right at home. Bonus: the beer was cheap and they have a cute little French bulldog that chills out in the restaurant! I definitely recommend stopping here in Quy Nhon if you’re craving a bit of Western food :)",5
241,"Khi bước vào quán này,mình khá choáng ngợp vì không gian quá sạch sẽ và quá sang trọng, cứ ngờ ngợ lạc vào chốn tây nào ấy chứ. Hehe. Nhân viên thì nhiệt tình thôi rồi luôn. Đồ ăn thì phục vụ nhanh lắm, một tí là có ngay, Vì bọn mình đi có 2 người nên chỉ gọi hai món thôi, cơ mà thật bất ngờ. Hai dĩa ú nụ, hai người ăn no cả bụng. Pizza ở đây vừa thơm,vừa ngon và không bị ngấy, cảm giác cứ như là đang tan trong miệng ấy còn món salab thì vừa miệng lắm luôn. Giá thì đối với người đi làm như mình thì cũng được, k đắt lắm. Lần sau lãnh lương phải chiến tiếp một bữa nữa mới được.",5
242,"Mình order , garlic butter bread,mì ý seafood marinara, pizza half & half 1 nửa hải sản, 1 nửa là thập cẩm. Thích pizza hải sản hơn cái thập cẩm (hình như là loai này có caramel onion hay sao đó, hơi ngọt ngọt, mình hok thich lắm) nhưng mà nói chung là khá okay. Mấy bạn nv dễ thương, có chú chó cũng hiền lắm.",4
243,"Nhà hàng Âu này nằm ngay trên đường Hai Bà Trưng, không gian view cũng không khá rộng nhưng khá là ấm cúng. Đặc biệt mình rát thích những món ăn ở đây nó rất là ngon, tất cả nguyên liệu đều là tự nhiên, dùng dầu oliu để chế biến nhé. Cách phục vụ khá tuyệt vời, không chê vào đâu được. Về giá cả thì cũng hơi cao nhưng phù hợp với những bạn muốn thử món âu hoặc những người có điều kiện. Bât mí nhé thức ăn ở đây ngon nhưng lại ko béo nên rất yên tâm cho những bạn sợ mập <3 <3",5
244,"Bữa Tết về bạn mình rủ sang đây dùng bữa. Giờ mới biết tiệm mở ngay gần nhà luôn. Đi ngang nhìn kiểu set up bàn chắc ai cũng tưởng đây là mini pub hay quán rượu Tây gì đấy. Vào đến cửa là bị hớp hồn bởi một em cún dễ cưng tên Jimmy của anh chị chủ. Vì bọn mình đến khá sớm nên không gian yên tĩnh lắm. Chứ tối là thôi rồi khách quá trời luôn. Menu tuy đơn giản nhưng cũng khá đủ món, tiếc là hôm mình tới nhiều loại spaghetti cũng hết rồi. Bị thích món bánh mì tỏi lắm nhé. Pizza đế mỏng cộng với topping vừa miệng nên cảm giác hông bị ngấy. Vì món Tây nên tinh bột với thịt trứng nhiều, ăn 2 món là mình no mất rồi. Đám bạn mình vẫn tiếp tục chiến đấu và có lời khen dành cho nhà hàng.
Sau lần ấy tầm mấy ngày lại có đứa bạn khác mời đến tiếp nhà hàng này luôn. Chị chủ nhớ mặt và tiếp đón niềm nở lắm.
Giá cả hợp lí, đặc biệt chị chủ tư vấn chọn món rất nhiệt tình ha.Anh chef thỉnh thoảng cũng ra quầy và phụ tính tiền nữa. Kể ra nếu muốn đổi gió ăn đồ Âu ở QN thì ghé đây là hết sức hợp lý luôn.",4
