 ,Review,Khach_san
0,"Thiệt sự chỗ này rất tuyệt vời luôn , có nắng , có biển , đồ ăn nước uống lại ngon , đặc biệt trai Tây đông lắm , anh nào anh nấy cao ráo , đẹp trai lại dễ thương , bắt chuyện rất thân thiện . Buổi chiều ở đây mặt trời lặn , gió mát , có tiếng sóng biển , thiệt tình là phê hết chỗ chê luôn í",4
1,"[Quy Nhơn]
GHẸ XINH ĐẸP - BỮA TRƯA CUỐI Ở LAB
---
Xin phép dùng hình này để tạm say goodbye với chuỗi ngày mệch mõi mà đ' thể quên đc ở Quy Nhơn trong chiến du lệch vơi cty vừa r ' mặc dù hình là của đợt đi QN lần trc ^^
Nếu ở LAB, mà mắc bệnh lười ra ngoài như tụi mình có thể đặt luôn bếp của LAB làm, cũng k mắc hơn bên ngoài là mấy, mà tiện, mà mún ăn lúc nào là đc ăn lúc đấy. Hai đứa gọi ghẹ, mực và ngao (tất cả đều hấp) để ăn. Ai nói tụi mình nhạt nhẽo thì cứ việc hén, vì mình vốn ăn nhạt thặc, và nếu ăn ba cái thể loại hải sản ngọt thịt dư này, tốt nhất là nên ăn càng đơn giản càng dễ nhận biết đc đồ có tươi hay k, có đáng đồng tiền mình bỏ ra hay k. Bởi vậy ngoài tươi ngon và đáng tiền ra, k có còn cm từ nào khác để diễn tả cái sự ưng ý về bữa trưa này.
K nói nhiều, mời tự ăn tự thưởng thức!
#rivnfood #hreat #ghexinhdep #foodyquynhon #hrntrip",4
2,"Quán này nổi tiếng trên những trang mạng nước ngoài lắm nhá, quán chủ yếu là khách tây tới nghi dưỡng nhiều , còn người việt chỉ có tới uống nước , và tắm biển là chính, quán này bán nước rất rẻ luôn, bán cho khách tây mà món nào cũng rẻ cả , mấy bạn mà thích yên tĩnh thì tới đay i bài luôn í, ở đây cho thuê phòng giá 43 đô 1 phòng, giá này thì khách tây ở thì được , còn giường tầng thì tính 8 đô 1 đêm 1 người, cảnh ở đây quá đep luôn, có mấy banh nhân viên cũng dễ thương nữa , mà hầu nhu mấy bạn này ai cũng biết nói tiếng anh cả, cuối tuần tụ tập bạn bè tới đây tắm biển nghỉ mát thì đúng bài luôn, mà quán co bán đồ ăn phục vụ cho khách tây ngon lắm luôn í, mai môt bạn nào co dịp ghé ăn thử món pizza của quán nhé, phải nói là quá ngon luôn, chắc quay lại đây dài 😁",5
3,"Chuyến đi này là chuyến thăm đầu tiên hôn thê của tôi . Tôi muốn cô ấy để có được một cảm giác Việt Nam ngoài Hà Nội và Hồ Chí Minh (mà chúng tôi cũng đã đến thăm trong chuyến đi này). Quy Nhơn đã được đề nghị bởi một cố vấn đáng tin cậy và chúng tôi rất vui mừng chúng tôi đã đề nghị. Tôi chọn cho hai ngày trong Căn hộ cao cấp Ban công tại Life của một bãi biển. Từ đầu đến cuối toàn bộ đội đã đáp ứng, chào đón, và vui vẻ. Họ thực sự không có một góc nhỏ của thiên đường ở đây. Phạm vi của các lựa chọn hấp dẫn về sở hữu có nghĩa là có một nơi để mỗi ngân sách. Bất kể, cơ sở vật chất được sạch sẽ và duy trì tốt. Thực phẩm là tuyệt vời và chúng tôi đã vui mừng có cơ hội để dự phần Tiệc tối xã. Các căn hộ nằm lẽ 125 km từ tài sản chính và nhìn ra một bãi biển liền kề / vịnh. Việc đi bộ giữa hai địa điểm đi trực tiếp qua làng. Nụ cười rất nhiều và banh mi phụ nữ (chỉ ăn sáng) là một ngôi sao nhạc rock. nước dồi dào nóng, tuyệt vời a / c, và wifi mạnh mẽ với một cái nhìn chúng tôi sẽ không bao giờ quên. Có một con gà trống trong làng ... anh sẽ chắc chắn bạn trải nghiệm không thể nào quên mặt trời mọc :) Chúng tương tác với khách du lịch từ khắp nơi trên thế giới ở đây và hy vọng sẽ có cơ hội để trở lại một lần nữa sometime sớm. Đặc biệt cảm ơn Steve cho sự chú tâm của mình để truy vấn (nhiều) email của tôi cũng như hỗ trợ sắp xếp chuyển sân bay.",4
4,"Ấn tượng nhất là nhân viên phục vụ dễ thương và nhiệt tình. 
Nước uống ở đây cũng khá ngon
Có phòng tắm riêng miễn phí nếu mà mình xuống tắm biển và ngồi đây uống nước.
Ở đây vắng không đông đúc nên thoải mái lắm, kiểu riêng tư. Có dịch vụ thuê phòng để ở tại đây luôn kiểu giường tầng. 17$/ng/giường,sẽ ở chung với nhiều ng khác. Nếu muốn riêng tư thì thuê phòng riêng 47$/2ng/phòng. Còn đi theo kiểu gia đình thì tính phụ thu thêm",4
5,"Địa điểm: khá xa trung tâm Quy Nhơn, quán nằm ở Gần Bãi Xếp. Nếu đi trên quốc lộ bạn sẽ thấy biển hiệu nhỏ ở phía ngoài. Quẹo vào phải đi qua khu nhà dân mới tới quán. Đi vào nếu đang phân vân không biết đi tiếp theo như thế nào thì người dân ở đây sẵn sàng chỉ đường mà không cần bạn hỏi. 😁😁
Không gian quán: hơi nhỏ so với trí tưởng tượng của mình. 
Giá cả theo mình khá là ok, nhưng sẽ là khá cao so với những quán cà phê ở trung tâm Quy Nhơn, nên sẽ khá kén khách tới đây",3
6,"Bãi tắm mới được xây dựng theo phong cách Hawaii, khá dễ thương. Bãi biển đẹp và sạch. Nhân viên thân thiện, vui vẻ, nhiệt tình.Điểm trừ là giá cả khá đắt (chắc do đối tượng chính là người nước ngoài) và nước uống không ngon.",4
7,"Phòng ốc rộng rãi, sang trọng, dịch vụ tận tâm, có view biển thơ mộng. Không rõ nó là 3 sao hay 4 sao nhưng chất lượng vượt trội hơn hẳn sao đó luôn :))))",4
8,"Nghe bảo khách sạn chỗ này sang trọng mà lại hút khách lắm nên cũng đến đây thuê phòng thử. Công nhận chỗ này đông khách thật, lúc mình đến thuê phòng thì chỉ còn duy nhất một phòng trống thôi. Không gian thì sang trọng, lịch sự, mát mẻ. Phục vụ thân thiện vui vẻ mà lại còn tận tình nữa. Vị trí của khách sạn thì đẹp miễn bàn, đối diện biển nên rất thoáng mát. view nhìn từ phòng mình ra biển rất đã mắt. Phòng ốc sạch sẽ, gọn gàng thơm tho. Hội trường ở đây cũng bự và mát nữa. Mấy cô tiếp tân phục vụ thì mình thấy hơi thiếu nhiệt tình.",4
9,"Nghỉ ở khách sạn thì buổi sáng mỗi người được 1 phần buffet sáng ở tầng trệt.
Không gian rộng rãi, thức ăn bày trí thoáng, cặp sát tường và uốn vòng giữa sảnh nên dễ lựa chọn. Xem ra tương đối nhiều món, các món thiên về ẩm thực Việt nhiều, có cả bánh chưng, cháo cá - chà bông,  cơm tấm...
Thường thì buffet sáng chế biến các món ăn đơn giản nên k để lại ấn tượng j với mình.
Nhân viên dọn dẹp lẹ quá, hễ đi lấy đồ ăn xíu quay lại là muỗng nĩa dẹp hết trơn.",4
10,"Lịch trình ngày đầu đi tour mình được sắp xếp nghỉ qua đêm ở khách sạn 4 sao này.
Không gian ngay sảnh rộng lớn và sang trọng. Phòng ốc rộng rãi, trang thiết bị đầy đủ, view nhìn thấy được biển xa xa. Có phòng gym mini, hồ bơi ở tầng trệt.
Nhân viên ks nhìn thấy khách cười thân thiện. Wifi phủ rộng quanh ks mà k cần pass.
Mình cảm thấy ks này đúng là nơi nghỉ dưỡng lý tưởng.",4
11,"Hostel này mới khai trương. đúng ngay lúc mình đi nghỉ dưỡng nên book phòng 3 ở cho thoải mái. phòng sạch sẽ, mới mẻ. nhà nghỉ có khu hàng ăn ngoài trời nữa, hải sản tươi rói luôn.
Biển ở đây cũng đẹp nữa.",4
12,"Mình mới đi hòn khô về và đã ở khách nì, khách sạn thuộc dạng mới khai trương nên rất sạch sẽ thoáng mát, không gian cũng rất ổn, đặc biệt view biển max đẹp luôn. Ngắm hoàng hôn, bình minh chi cũng không thể chê vào đâu được.
Đồ ăn ở đây toàn hải sản tươi sống, xún biển bắt lên tươi roi rói nhảy đành đạch luôn à. Nếu bạn đâng có dư định đi hòn khô thì Nhơn Hải là một lựa chọn đáng để tham khảo đó nha!",4
13,"Hostel này mới khai trương nè. Đang đợt đi du lịch nên ghé vô nghỉ 1 đêm. 
Có lẽ đây là hostel to và mới nhất khu này rồi. Nhà nghỉ này có nhà hàng ngoài trời nữa. Mình có thử món ăn ở đây. Toàn hải sản tươi sông không à. món ăn hợp khẩu vị.
Phòng ốc trong nhà nghỉ rất tiện lợi thoải mái.
Vì mới khai trương nên đang có chương trình khuyến mãi.
Hồi nào đi du lịch có cơ hội ghé thăm hòn khô, chắc sẽ ở lại nhà nghỉ này nữa",4
14,"Nổi tiếng với chuỗi nhà hàng, cafe, khách sạn, chắc ai người Quy Nhơn không biết danh Hương Việt. Hôm được dịp ghé hotel Hương Việt cafe. Phải công nhận view đẹp, sang chảnh, sống ảo là đúng bài. Với vẻ bề ngoài hào nhoáng như vậy tưởng giá sẽ cao, nhưng mình thấy giá như vậy so với ở đây thì ok nè. Nước ở đây thì không có gì đặc biệt nhưng uống ngon, cũng thấy thích. Vị trí ở đây khá thuận lợi, nằm ở đường Xuân Diệu, đi dạo biển chơi vui rồi ghé đây uống cafe nghỉ mệt là y bài.",4
15,"Được dịp tham dự một đêm Gala Dinner thật lung linh, hoành tráng
Món ăn thì khỏi cần bàn, riêng món gà ta ngon quá ta ơi!",5
16,"Món ăn luôn mang lên đều nóng. Rất ngon miệng
Không gian thuần Việt nhưng không kém phần sang trọng
Lại thêm view biển chụp ảnh chuẩn phê
Phục vụ rất thân thiện, nhiệt tình
Giá cả vừa phải",4
17,Lovely place to have a rest and go swimming :),4
18,"Khách sạn sát ngay biển , đang có kế hoạch di dời nên tranh thủ ghé - Phòng view nhìn ra biển và 1 phần tp Quy Nhơn khá đẹp - Nhân viẻn chuyên nghiệp - Có bánh ít lá gai thay trái cây chào mừng - Ăn sáng ngon , có các món đặc sản Bình Định như bánh hỏi lòng heo, bánh bèo .., Phòng thường full do khách đoàn đông nên muốn ở phải đặt sớm",4
19,"Nhân viên vui vẻ nhiệt tình, lịch sự. Phục vụ khá chu đáo. Ăn sáng đa dạng hợp khẩu vị với mình. Nhóm của tụi tôi bay sớm kế hoạch sẽ trả phòng và ko ăn sáng. Nhưng được lễ tân nhiệt tình tư vấn giờ bay và hướng dẫn ăn sáng sớm để bay kịp giờ. Và ấn tượng hạnh phúc với món quà mừng ngày 20/10 cho các bạn gái trong nhóm. Dù nho nhỏ nhưng làm ấm lòng khách hàng. Cám ơn khách sạn Hải Âu đã cho chúng tôi kỳ nghỉ tuyệt vời!! Hẹn gặp lại ngày gần nhất.",4
20,"Ok.yên tĩnh ,sạch sẽ ,phù hợp gia đinh đi du lịch tham quan Quy Nhơn.đặc biệt giá cả rất hợp lý",4
21,Khách sạn nằm ngay tại bãi biển. Có đồ nội thất rất mới và trẻ trung rất hợp gu của mình. Nhân viên khách sạn rất niềm nở. đợt mình đi trúng bão nên không tham quan được nhiều chỉ dành thời gian khách sạn suốt ba ngày. Mà mình cảm thấy rất hài lòng về thái độ phục vụ của nhân viên trong suốt ba ngày mưa bão đó.,5
22,"Khách sạn có view đẹp, ăn sáng ngon gồm 3 món ốp la, bún bò, bún cá.. bún cá ngon, ốp la 2 trứng chiên khá ổn. Bún bò thịt mềm và nước khá vừa miệng.. cafe khá nhạt..
View sáng ra ngồi vừa ăn sáng vừa ngắm biển khá hay..",4
23,Khách sạn đây giá rẻ tiện nghi gần bến xe trung tâm,5
24,"Nhà nghỉ này mình hay ghé mỗi lần công tác ở đây
Địa điểm khỏi phải bàn. Sát biển luôn. Băng qua đường là tới biển rồi
View phòng của mình hướng ra biển luôn. Cực đẹp. 
Đây là nhà nghỉ bình dân thôi. Trang thiết bị cũ k hiện đại đâu
Giá cả phải chăng
Có cho thuê xe máy ngày. Giá cực rẻ luôn ý
Chú chủ nhà nghỉ cũng nhiệt tình lắm. Giới thiệu mấy chỗ ăn chơi cho nhóm mình tận tâm
Phòng cũng sạch. Có nước nóng lạnh. Có cả tủ lạnh luôn
Chắc chắn sẽ ghé khi có dịp",4
25,"Đây là lần 2 quay lại đây, ở đây gần biển, giá phòng có vẻ ổn (tuỳ mùa lễ hay ngày thường). Đồ ăn (sáng) ở đây bình thường nhưng chế biến có vẻ ẩu, gọi tô phở tái nạm mà trong tô có nhiều lá rau bị vàng úa, nhìn chung cho 4 sao.",4
26,"Nhìn chung phòng ốc ở đây chỉ hơi ổn, trang thiết bị không đúng tiêu chuẩn 4 sao, toàn dùng các thiết bị rẻ tiền từ cái muỗng uống cf, dĩa ăn hoa quả sáng đến cái điều hoà, máy sấy trong phòng nghỉ..... Các phụ kiện trong nhà wc thì lung lay, đủ nhưng kém chất lượng Mình cảm thấy hài lòng về chất lượng dịch vụ ở đây. Bởi vì đội ngũ nhân viên phục vụ không những lịch sự mà còn niềm nở , tuy nhiên checkin hơi chậm, phục vụ chưa chuyên nghiệp so với khách sạn 4* Dịch vụ hồ bơi hơi chán, diện tích hồ nhỏ và chưa sạch sẽ lắm, cảm giác chưa xứng với đẳng cấp 4* Địa điểm tạm ổn, nằm đối diện bãi biển nên không gian thoáng mát. Buffet sáng chuẩn bị cũng ngon miệng. Giá 1 đêm cũng không thấp, tầm 1tr~2tr tùy từng ngày, dịp lễ Tết",3
27,"Vị trí ks rất tiện lợi, nằm khu trung tâm, gần phố ăn đêm Ngô Văn Sở Mặt tiền ks nhìn cũ lắm, nhóm mình ở phòng 3 người, phòng nhỏ, nhà tắm k có nước nóng, tủ quần áo rất rất hôi, gương chiếu thẳng ngay giường nằm. Ks có cho thuê xe máy luôn, tay ga là 140,000/xe còn xe số là 120,000/xe.",3
28,"Hôm qua ba về quê nên thay mặt nhà đi ăn đám cưới con cô hàng xóm. Suýt nhầm với khách sạn sài gòn quy nhơn, bà con chú ý nha. Có nhà hàng tầng hai với cả tầng ba nữa. Không gian khá rộng nhưng trần nhà hơi thấp, tạo cảm giác bí. Trang trí đẹp, lung linh ghê luôn, âm thanh, ánh sáng ổn, đoàn vũ công biểu diễn tốt. Đồ ăn cũng ngon, có mấy món nướng không ok lắm. Thịt bò nướng giấy bạc bị khô, gà nướng mật ong thì không thấm lắm. Nhân viên không nhiệt tình, kiểu hơi lơ là",4
29,"Mình book Khang Khang 2 1 phòng đơn nhưng có việc nên mình ra sớm hơn từ đêm hôm trước mà ko báo trước, hotel báo hết phòng và chuyển qua Khang Khang 3 mới xây gần đó: trông không khác gì 1 nhà nghỉ tạm bợ, cửa sắt còn bị hỏng hôm nào đóng mở cũng tốn sức, giường nệm cứng ngắc, chăn ko đồng bộ vứt cho cái chăn màu hồng như các nhà nghỉ, check in lúc 11h đêm và check out lúc 6h sáng vẫn tính giá 1 ngày như thường Điều chán nhất ở đây là nhân viên, chảnh choẹ cực kỳ, 8h sáng vẫn ngủ chưa dậy, trong tủ chỉ có 1 mắc áo nên phải xin thêm thì xua tay bảo luôn không có đâu, cửa hỏng khách không đóng được thì nhân viên nằm dưới nhà nói vọng lên kêu khách làm theo, bực Phòng thì khá sạch sẽ, không mùi ẩm mốc, nhưng dọn phòng sàn nhà không lúc nào sạch lúc nào cũng có sạn, nệm trắng có thêm mấy vệt đen và bị cháy xém thủng to 1 lỗ",2
30,"Khách sạn bẩn, đặc biệt là nhà tắm. Những bạn đi phượt hoặc chỉ nghỉ 1 đêm thì có thể ở được còn các bạn đi dài ngày hoặc đi cùng trẻ nhỏ thì nên ở khách sạn khác. Mình đi từ 2 năm trước rồi nên cũng chẳng biết nó có sạch hơn không. Giá cả cũng khá hợp lý.",2
31,"Mình vô thuê hai phòng 1 phòng đơn và 1 phòng đơn báo giá là 750 k cho 2 phòng đến sáng hôm sao mình trả phòng lại tính 750 1 phòng đôi còn nói là phòng đôi là phòng 2 gường chỉ dành cho 2 người còn mình thuê phòng đôi ở 4 người nên ko phải phòng đôi mà phòng 2 gường dành 4 người , bực",1
32,"Quán ngay gần chỗ khách sạn mình ở nên cũng tò mò ghé vào coi sao, lúc ý mới biết là ngoài quán đồ uống bình thường thì đây còn là nơi nghỉ trọ. Tiếc là không thuê trọ nên không biết phòng ốc ra sao.
Đến đây mấy lần thì thấy buổi tối không gian ấm cúng, nhạc rất hay (đa phần bật The Beatles), nhiều khách hàng (chủ yếu là người nước ngoài), có nhiều trò chơi cho khách (phi tiêu, rút gỗ, ..v..v...), quán đóng cửa khá muộn.
Buổi sáng thì có vẻ quán mở cửa muộn, 9h tới thì nhân viên vẫn chưa dọn dẹp xong, đồ từ tối qua vẫn còn nhiều thứ chưa dọn hết, bàn ghế xô lệch từa lưa.
Về đồ uống thì không ngon không dở, uống được nhưng không ấn tượng gì nhiều.",4
33,"Giá phòng dorm ok, sạch sẽ. Có vẻ như ko niềm nở với người VN như mình cho lắm vì chỗ này toàn đón khách nước ngoài là chính. Chưa thử nước tại đây, nghe nói happy hour có free beer :)",4
34,"Mình gọi một ly trái cây tổng hợp, trải nghiệm không tốt lắm, khi uống vào mình cảm tưởng sắp bị hóc, vì xay chưa kĩ.
Tuy nhiên, các bạn nhân viên rất thân thiện, nên mình nói chuyện quên mất cái đồ uống. 
Không gian ẩm cũng, dễ chịu.
Mong quán cải thiện đồ uống và phát huy dịch vụ.",4
35,"Về phòng: có 2 loại phòng ở đây, phòng đôi: 15$, phòng dorm: 6$/người. Mình ở lại 2 đêm ở cả 2 loại phòng. Phòng sạch, đẹp, ngủ lại rất thoải mái
Về nhân viên: cực kỳ lịch sự và thân thiện, nếu k biết chỗ ăn hay chơi ở QN bạn có thể hỏi họ và sẽ đc chỉ dẫn nhiệt tình
Về đồ uống: mình đã thử uống coconut coffee và peach tea ở đây. Rất ngon nhé, vị ngon, ngọt vừa phải. Giá đồ uống cũng rất ok, có thể gọi là khá rẻ.
P/s: mình thấy quán chủ yếu là khách nước ngoài đến nên rất thuận lợi cho các bạn đến nhâm nhi và nâng cao trình độ giao tiếp tiếng Anh đấy ^^",5
36,"Mình đc bạn bè quen giới thiệu nhà nghỉ này nên từ bến xe taxi chở thẳng tới, vừa tới nơi thấy rất rộng, không gian thoáng đãng, mình đi nhóm 8 người nên ở phòng 3 giường, phòng rộng, mát mẻ, cả team ai cũng vừa ý, mình thuê xe máy 100k/ ngày, rất ưng ý, có dịp đi du lịch hoặc công tác sẽ quay lại.",4
37,"Mình vào nhận phòng lúc 2h sáng nhưng cô chủ vẫn rất nhiệt tình và niềm nở, vào hơi muộn nên mình ko để ý xung quanh lắm nhưng sáng dậy thì nhìn không gian khá dễ chịu, phòng mình ở tầng 1 có xích đu và cửa lớn nhìn ra được bên ngoài, giường và phòng ốc thơm tho sạch sẽ, mình cần thuê xe đi tham quan nên đc cô chủ trực tiếp gọi thuê giúp mình, nói chung chuyến đi vừa xả stress thật sự vì quá hài lòng",5
38,"Nằm ở vị trí không quá ồn ào cũng k quá yên tĩnh, rất thích hợp cho các bạn trẻ, gia đình nghỉ dưỡng, khách du lịch ... Không gian rộng, thoáng đãng với giếng trời bên trong không gây cảm giác bị ngột ngạt, phòng ốc sạch sẽ, đa số bên trong đều được thiết kế và xây dựng bằng gỗ cao cấp nên nhìn vào rất sang trọng. Gia đình mình đi cùng với bé nhỏ, ở phòng rộng nên các bé rất thích. Cách biển tầm 3-5 phút thôi nên rất thích hợp để tắm biển. Sẽ quay lại nếu có dịp",4
39,"Hôm nay mới tới nơi, và mình vô cùng hài lòng với thái độ của chủ nhà: thân thiện, hiếu khách. Hostel sạch sẽ, gọn gàng, nhiều ko gian nghỉ ngơi, thử giản dành cho khách: ban công, sân thượng, ko gian ngoài trời, đây là điểm mình thích nhất ở đây, không như những nơi khác chỉ cho thuê phòng mà ko chú trọng đến ko gian sinh hoạt chung.",4
40,"Chủ nhà thân thiện dễ thương, hostel mới, sạch sẽ, có ban công và sân thượng, view đẹp nhìn thẳng ra công viên. có điều tra biền thì hơi xa, chắc có 10p. Hostel có bếp dùng để pha trà cafe cho khách. nêu đí solo hay nhóm bạn thì nên tới ở. đã bookmark:D",4
41,"Thái độ của nhân viên rất vừa ý mình, tụi mình đi đông người, tuy có hơi làm ồn nhưng vẫn rất nhã nhặn nhắc nhở chứ không tỏ thái độ gay gắt như những chỗ khác :))
Tụi mình đi nhà nghỉ nào nta cũng mất hồn muốn đổi cho nhanh do quậy quá quậy ))). 
Sẽ quay lại đây nếu có dịp quay lại Quy Nhơn (y)",4
42,"Phòng và mền gối sạch sẽ, thơm tho. Màn rèm cửa cũng sạch sẽ nữa. Sẽ quay lại nếu có dịp ghé Quy Nhơn",4
43,"Công ty mình đi du lịch Quy  Nhơn  toàn nghỉ ở đây, phòng rộng, mới, sạch sẽ, phục vụ cũng chu đáo nữa. Giá thì ngang mặt bằng chung nên không có gì đáng nói. Đặc biệt chỗ này gần đặc sản bún tôm rạm Mỹ Hạnh, mình ghiền món này của Quy Nhơn (y)",4
44,"Mình chọn nhà nghỉ này vì được 1 người bạn ở Quy Nhơn giới thiệu. Bữa mình nghỉ là ở nhà nghỉ Mỹ Hạnh 1, giờ hình như mới mở thêm 1 cái nữa thì phải. Giá phòng ở đây mức giá ngang với mặt bằng giá bình thường, phòng sạch sẽ, yên tĩnh, phục vụ dễ thương. Rất rất vote ở điểm là nghỉ ở đây sẽ được free ăn sáng đặc sản Bún tôm bún rạm Mỹ Hạnh :3 Bún cực ngon, có điều quán cực cực kỳ đông, nên đi sớm",4
45,"Nhà nghỉ có nhân viên phục vụ không tốt, tung tin cá nhân ra bên ngoài .... k rõ ràng trong việc thuê và mượn xe gắn máy .... nhìn chung dịch vụ kém k nên đến",1
46,"Nhà nghỉ có dịch vụ cực kỳ tốt, giá phòng đơn từ 120k đến 180k rất bình dân, có bãi đậu xe riêng cực kỳ ấn toàn.",5
47,"Nhà nghỉ nằm ở một vị trí đẹp, trung tâm thành phố, gần biển, khu mua sắm, các điểm vui chơi, giá cả hợp lý, phòng nghỉ sạch sẽ, nhân viên ở đây tuy tư nhân nhưng rất thân thiện, có cả cho thuê xe máy rất tiện cho việc đi đây đó khi ở lâu, giá cả vô cùng hợp lý.",5
48,"Nhà nghỉ dơ và cũ, đặc biệt là bà chủ rất vô duyên kì cục. Ở tạm 1 đêm xong hôm sau đi kiếm chỗ khác k dám ở nữa",0
49,"Giá rẻ ko cần phải bàn rồi vì họ mở tên nhà nghỉ nhưng chất lượng nội thất và không gian thật tuyệt vời. Đi bộ ra biển 5p, gió biển mát rượi tràn ngập, nằm ngay trên khu ăn uống nổi tiếng của qn.",4
50,Dich có mở cửa k a,4
51,Motel rất sạch sẽ thoáng mát tiện nghi yên tĩnh,5
52,"Hostel mới nên rất xinh xắn và hiện đại, thiết kế đẹp mắt mà còn nhiều góc sống ảo nữa, thích dã man luôn. Thích nhất là ở các phòng đều đc ốp kính toàn bộ có view nhìn ra biển lại gần biển và chợ hải sản. 
Khách sạn cũng có bếp cho mình tự do nấu ăn hí hí còn gì bằng. À khách sạn còn phục vụ trà sữa đài loan tận răng nữa. Lần sau lại ghé.",4
53,"Sau một hồi đắn đò lên xuống thì mình cũng đã chọn Haven cho 2 đêm ở Quy Nhơn. dù hơi trục trặc về lịch trình do bãi nhưng ở đây thật không hối hận nếu bạn muốn đắm chìm trong thiên nhiên, biển xanh và sóng rì rào.
- Vị trí: Cách khá xa thành phố đó, phóng tít thì mất 20p, khoảng 20km từ trung tâm thành phố đó. Đường ven núi to những cũng nhiều xe to đi nên các bạn cẩn thận nha. Một bên rừng một bên biển thích kinh khủng. Nắng thì nắng nhưng vẫn mát nhé. Nghĩ lại vẫn thấy thích, huhu. Sau khi vượt quãng đường đó, sẽ có biển Haven QN, Life's Beach (để không vượt quá thì cứ theo Google là ra), xuống 1 con dốc cao và cứ thế theo đường to nhất mà đi. Nói là to chứ nó là cái đường nhỏ nhỏ như cái ngõ trong làng chài thôi, tít tít kịch đường kim sẽ là cổng hoa giấy và thế là biển xuất hiện luôn. Haven bên tay trái nhé
- Phòng; mình chọn phòng đẹp nhất và đắt nhất ở đây - double room upstairs wth balcony. Tầng 2 có ban công hướng thẳng ra biển. Chỉ có 1 phòng thôi nên nhớ book sớm nhé, 1tr/đêm. Phòng xinh, everywhere là những con ốc biển, trên bàn, trên kệ, trong nhà vệ sinh, ban công. Tuy nhiên trang thiết bị thì không ổn lắm, ví dụ như tivi không xem được (tuy nhiên mình không xem bao giờ), nước thường xuyên ứ không chảy được trong nhà vệ sinh. Còn mọi thứ thì tuyệt.
- Dịch vụ: Dưới là bar toàn tây là tây chả có khách Việt, họ cứ ngồi cả ngày ngoài biển luôn. Không có dịch vụ vui chơi gì nhiều đâu vì Tây họ chỉ thích hòa mình vào biển nghỉ dưỡng thôi. Nên ai muốn tiện vui chơi thì có khi không hợp. Mình cũng hơi khó khăn trong việc đi lại vào thành phố. Nhưng trải nghiệm ở đây vẫn rất tuyệt vời. Biển đẹp, sóng to và vắng. Thích mê luôn.",4
54,"Đó là cảm giác khi ở hostel này, cũng có thể do mình thấy ở đây có thể lên sân thượng tổ chức bbq nhóm nhỏ cỡ 4-5 người và chơi tập thể rất vui. Nhà tắm sạch và thơm mùi tinh dầu, có chỗ để xe máy trong nhà và thuộc khu khá an ninh trật tự. Homestay có thể nấu mì, tự pha cà phê hay nấu ăn. Có mấy đồ trang trí khá dễ thương nhưng mình lại không chụp lại.
Owners rất dễ thương.",4
55,"Sạch sẽ, rộng, thoáng, giá cả bình dân.",5
56,"Wiew đẹp, nhân viên thân thiện, nhiệt tình, phòng sạch sẽ, tường trang trí bằng tranh 3d rất đẹp.....",5
57,"Tôi đã ở nơi đây,phòng tuy nhỏ nhưng sạch sẽ .Phòng có ban công cửa View nhìn ra biển,giá bình dân.phòng đơn 180k/2ng.phòng đôi 270k/4ng.",4
58,"Phòng sạch sẽ, đầy đủ tiện nghi",2
59,Cho Em hỏi là mới tiêm 1 mũi có được qua đêm ở nhà nghỉ này không ạ?,3
60,"Làm cuốc xe đạp từ Nha Trang về Hội An. Đến Bình Định, định tá túc nhà thằng bạn ở huyện Phù Cát nhưng mà đạp đến thị trấn Phù Mỹ thì trời tối, trời lại mưa nữa nên trú lại đây. Nhà nghỉ nằm trên QL 1A thuộc thị trấn. Kiểu nhà trọ bình thường cho lữ khách nhỡ đường hay những người buôn bán đường xa. Có giường nệm, tivi truyền hình cáp và máy nước nóng. Mình quen ngủ bệnh viện, trường học, đồn công an rồi nên mấy chỗ này đối với mình khá là sang chảnh. :p
Nhà nghỉ có cô chủ rất tốt bụng. Thấy mình dắt cái xe đạp còn người thì như cục than thì cổ cho mình tá túc chỉ với 50k (bình thường là 100k lận), rồi còn chỉ chỗ cho mình ăn ở chỗ nào ngon nữa. Nhà trọ nằm đối diện một khu chợ nhỏ trong thị trấn. Ở đó có bán bún bò và bánh căn rất ngon.
Đi vòng vèo thị trấn một hồi rồi về phòng nghỉ, lúc đó cũng muộn. Sáng ra lại đi sớm cho bớt nắng nên cũng không có dịp tạm biệt cô chủ. Nếu có mà ghé qua thị trấn Phù Mỹ lần nữa thì sẽ tá túc ở đây. ^^",4
61,"Đã đến và sẽ k bh quay lại! 
Phòng ở phải nói rất tệ. Khăn, giường bẩn. Nhà vs thì hư đèn. Lễ tân phục vụ k nhiệt tình, coi thường khách",2
62,"Vì là Nhà nghỉ chứ không phải khách sạn nên mình không nhắc đến cơ sở tiện nghi vì thật ra chẳng có gì ngoài cái giường nệm cứng ngắc, và cái máy lạnh, ti vi năm 90. Nhưng cái đáng nói là thái độ và chất lượng phục vụ của ông chủ cực tệ. Mình ở dịp lễ 2.9 nên có báo là mình sẽ trọ từ 1.9 đến 4.9 mới trả phòng. Và ngày 2.9 mình có đi đảo cù lao xanh và báo với chủ nhà nghỉ là mình đi đảo có thể không về. Trưa hôm sau mình quay lại thì chủ nhà bảo đã mang đồ mình ra ngoài và cho người khác thuê. Mình mang cục tức vì đồ đạc trong phòng của mình bị tự ý xâm phạm. Đã vậy chủ nhà nghỉ còn lý giải rằng sợ mình ra đảo có chuyện gì không về được nên mang đồ ra ngoài chứ không biết đòi ai tiền phòng ?!? Mình báo trước để các bạn không bị ức chế khi thuê ở đây.",1
63,"Lâu lắm rồi mới tìm được quán nước ưng ý như vầy ở Quy Nhơn. Từ decor đến menu đều làm mình vô cùng hài lòng luôn. Góc nào của quán cũng có thể sống ảo được luôn ấy :3 Menu thì món chủ đạo của quán là trà thảo mộc, có rất nhiều loại trà kèm công dụng để mọi người dễ dàng lựa chọn, ngoài ra thì quán vẫn có cà phê nước ép các loại luôn :3 Giá thì theo mình thì khá là bình dân, 1 set trà cho 2 người chỉ từ 39 đến 69k thôi :D Tối tối lên tầng thượng gọi set trà thảo mộc vừa nhấm nháp vừa ngắm mây trời cảm thấy bình yên thiệt sự :3",5
64,"Có book phòng ở ks 3 ngày, phòng xinh bạn tiếp tân dễ thương hihi
Vì 2 ngày đi chơi đuối vc mình lại lò mò lên tầng 3 uống cf ngay ks luôn , phải công nhận nước uống rất hợp vị kakakak lại rẻ và view thì bao đẹp kakak
Với một đứa rất thích uống trà lại thấy trà ở quán rất vừa vị mình hihi
Sẽ quay lại dài dài nếu về lại quy nhơn 
Up vài pic trước khi về lại sài gòn :x
P/s: bé làm nước dễ thương kakka",5
65,"Thiệt sự phải cho Sea&Sail điểm 10 về không gian. Chỉ cần đưa máy lên là có góc đẹp, có cả không gian trong nhà và ngoài trời , tất cả đều được trang trí rất tỉ mỉ. Ngồi trong nhà cảm giác ấm cúng và ngược lại không gian ngoài trời thoáng và thoải mái hơn. Quán vừa mang phong cách cổ điển vừa hiện đại nên đây chắc chắn là không gian sống ảo cực xịn. Menu của quán cũng rất đa dạng, từ đồ uống đến bánh ngọt. Mà giá thì không quá chát , chỉ từ 25k-35k thôi. Chắn chắn sẽ quay lại đây ^^",4
66,"Nếu được hỏi mình thích quán này ở điểm nào, thì mình thích nhất ở cái không gian. Không gian rộng và thoáng mát vô cùng. Được đầu tư tỉ mỉ trang trí thiết kế vừa hiện đại vừa cổ điển. Đồ uống ở đây đa dạng vô cùng. Mình uống mà cảm nhận được sự tinh tế trong cách pha chế. Không quá ngọt, thanh thanh và thơm hương trái cây, trà cũng vậy thơm nhè nhẹ, mình cực kỳ thích. Ở đây còn có bánh ăn kèm nữa cũng tuyệt không kém, mềm mềm, thơm thơm, beo béo. Ước gì mình có nhiều tiền để ngày nào cũng được đến đây.",4
67,"Y như đi biển thịet luôn , quán nhiều view đẹp lắm , mình đón bạn ở sào gòn ra, đi nhóm 4 đứa , 2 đứa ở hostel ở đây , phòng decor mAt đã luôn , trà ở đây có trà thảo mộc , uống thanh thanh , chút ngọt dịu khá ok , bạn mình ở phong hostel thây cũng ổn , có cái ngồi trên sân thượng í , chieu tối ngồi mát chứ sáng hơi nắng chút, chắc chắn sẽ quay lại",4
68,"Mình ở home mới bên 20D Hoa Lư. Home có không gian tinh tế và trau chút đến từng chi tiết. Nhìn vào đó mình cũng đoán được chủ nhà phải là người có tâm đến như thế nào. Mọi thứ đều sạch sẽ, gọn gàng. Mình chọn phòng ở tầng cao nhất có ban công nhìn ra sông. Phòng tuy nhỏ nhưng ấm cúng, trang trí và màu sắc hài hoà. Mình thích hơn cả là con người ở đây, thân thiện, nhiệt tình, sẵn lòng giúp đỡ. Anh chị chủ vô cùng nhiệt tình và gần gũi. Sau này có dịp quay lại mình sẽ vẫn chọn nơi này",4
69,"Tọa lạc ngay trung tâm tp Quy Nhơn.
Một không gian ở dễ thương, được chăm chút kĩ càng. 
Có cho thuê xe máy , lều camping, vv..
Chủ nhà thì hòa đồng , thân thiện và đặc biệt là anh chủ nhà cực kì yêu nhiếp ảnh :) 
Giá phòng thì cực kì hợp lí :)) ahihi
Trên sân thượng còn có 2 cái lều camping cho thanh niên nào thích cảm giác lãng mạn kèm hoang sơ :v :v 
Nói chung là highly recommended.",4
70,"Thêm một homestay đẹp lung linh ở quy nhơn nữa mà, mình thích homestay này vì không gian sạch sẽ mà lại ấm cúng của nó. Tự dưng bước vào cảm giác vừa lạ vừa quen sao á, lạ vì không gian mới mẻ và đẹp nữa, còn quen thì do ở home được thiết kế như ở nhà mình vậy
thêm một điều nữa đó là home còn có lều ở trên sân thượng nữa, nếu mà muốn ngắm trăng sao cùng ai đó thì cứ thuê 2 cái lều nì, tối đến ngồi bên nhau ngắm trăng sao thì lãng mạn hết biết luôn kaka",4
71,"Mình ở Phú Yên ra Bình Định du lịch vài ngày và phải nói là việc ở Chang homestay make my trip more interesting ý.
Đầu tiên là phòng, decor cực kì xinh xắn, phòng mình ở có cửa sổ nên cực kì thoáng, ánh sáng tự nhiên tràn ngập ahihi. Ở đây có cho thuê xe máy luôn, cực kì tiện, giá phòng với giá thuê xe cực rẻ luôn.
Các anh chị nhân viên với chị chủ quán siêu nhiệt tình, chỉ cho mình chỗ đi chơi, chỗ ăn uống đúng chuẩn ngon-bổ-rẻ.
Tầng dưới của home là quán cafe, quán rộng, thoáng đãng, đồ uống ngonn, ở home order đồ uống được đem lên tận gường luôn, chu đáo cực.
Nhất định sẽ ghé lại đây :))))",5
72,"Mình là dân bản địa Quy Nhơn và rất hay ghé quán uống trà sữa với cả đọc sách. Cá nhân mình thì thấy nước uống ở đây ngon, ổn, phù hợp giá tiền, thích nhất là uống các món có machiato và sữa tươi trân châu đường đen. Bị thích không gian của quán, thoáng mát yên tĩnh chứ không gây ngộp như các quán trà sữa khác 💕💕
Mình cũng có nhờ bạn nhân viên dẫn mình xem homestay ở tầng trên (4 tầng, 2 tầng trên là homestay và 2 tầng dưới là cafe). Decor không quá đặc sắc nhưng mình thấy dễ thương, phù hợp với giá tiền, từ 50k gường dorm đến 200-250-300k tuỳ các loại phòng khác nhau. Homestay còn có khu vực bếp cho khách, có đủ các dụng cụ nấu nướng và cả tủ lạnh. Rất rất ổn luôn ❤️❤️
Mình chỉ có hình nước mình uống thôi, trên home thì mình không có chụp, chỉ tham quan thôi.",5
73,"Mình đến đây cách đây vài tháng, đầu tiên về decor, so với mặt bằng chung thì không có gì đặc sắc lắm. Mình có xin nhân viên cho đi 1 vòng tham quan homestay, không gian homestay so với mức giá thì mình nghĩ khá hợp lý, khoảng từ 250k - 350k tuỳ theo phòng đôi, phòng dorm, phòng có view đẹp. Và điều làm mình ấn tượng nhất là món cà phê trứng ở đây, trứng béo béo, được đánh bông lên, quyện cùng hương thơm, vị ngọt vừa phải của sữa, trời se se lạnh mà nhấp môi tí thôi là ngất ngây <3",4
74,"Gọi 2 li ép dứa và ép chanh dây
Nước thơm, ngon
View tường vàng đẹp, lí tưởng để sống ảo",4
75,"💥Cô chủ nhỏ dễ thương 😍😍
💥 có món sữa chua nếp cẩm ngon hết xẩy 
🎉🎉 có dịp trở lại sẽ ghé tới",5
76,"Đã có ai check in home stay - coffee cực dễ thương này chưa. Phải nói đây là địa điểm sống ảo bật nhất quy nhơn. Không cần phải vượt cả trăm cây số để lên đà lạt chụp tiệm bánh cối xay gió nữa . không những không gian đẹp, sống ảo xịn mà còn có coffee cực chất. Không gian ấm cúng, nhẹ nhàng dành cho những bạn thích yên tĩnh . Thời tiết se se lạnh của quy nhơn mà gọi ấm trà thảo mộc uống thì tuyệt cú mèo. đến nhà bà xíu ngay thôi chị em ơi",4
77,"Biết đến quán do rv trên tiktok nên mò tới, ko gian quán ko mới nhưng mà xinh và chill lắm.

Nv quán nhiệt tình, đồ ăn ngon, có homestay tại đây luôn nên lần sau đến QN mình sẽ book một căn khu này vì view đẹp, ăn ngon và giá cũng gọi là tàm tạm từ 70-200k tuỳ món như vc mình uống 1 shot, 1 bia QN, 1 mocktail gừng và 1 dĩa mỳ Ý là 250k. Giá cũng tạm tạm.

Ngoài ra đc gọi ốc ở ngoài vô trong ăn nữa, vì để vào dc trong lần lần bên ngoài bán ốc rất nhiều có nv trong quán chủ tiệm bên ngoài :)) ăn gì kêu chỉ nên tốn thêm 250k ăn ốc nữa",4
78,"Big Tree Backpackers and Bistro có thể xem là một hostel bãi biển. Nơi đây  cung cấp chỗ ở tại Xóm Bãi Xép và có Wi-Fi miễn phí, nhà hàng cũng như sân hiên. Khách có thể dùng bữa tại nhà hàng trong khuôn viên. Menu rất đa dạng, có menu riêng cho mỗi ngày và thực đơn đặc biệt cho cuối tuần. Ở đây khách tây và khách du lịch rất đông, do ở trong khu du lịch. Có nhiều món khá lạ như món cơm thập cẩm của Tây Ban Nha, tên Paella, pumpkin ravioli, mỳ ý loại vuông, ngoài ra còn có đồ ăn việt thông thường",4
79,"Mới phát hiện ra ẻm homestay dễ thương kute lạc lối giữa lòng thành phố đây .Với lối kiến trúc mộc mạc kết hợp màu xám của tường đất và màu xanh của lá cây 🌴 NT House đem đến một trải nghiệm đặc biệt, hòa mình cùng thiên nhiên giữa lòng thành phố rất thích hợp cho những bạn phượt thủ muốn trốn tránh tiếng ồn nơi thành thị hoặc những du khách nước ngoài muốn trải nghiệm cuộc sống của người dân địa phương. Có khá nhiều sự lựa chọn cho các bạn , phòng đơn , phòng đôi và phòng theo nhóm . Nhân viên cực kì nhiệt tình và thân thiện",4
80,"NT House nằm tại 49 Phùng Khắc Khoan (gần ngã ba đống đa) gần như là trung tâm của thành phố Quy Nhơn nên khoảng cách đến các địa điểm du lịch, khu vui chơi,... là không quá xa. Với thiết kế độc đáo: màu xám của tường đất và màu xanh của cây lá tạo cảm giác gần gũi và thoải mái. Phòng rất sạch sẽ với tông màu đất nên mùa đông thì ấm và mùa hè thì mát. NT House có tổng cộng 10 phòng trong đó 2 phòng SPECIAL dành cho 4 người, 4 phòng TRIP dành cho 3 người và 4 phòng TWIN dành cho 2 người. Giá cả cũng phải chăng: 120.000VND/1 người/1 đêm phù hợp với những bạn phượt thủ và du khách nước ngoài. Ngoài ra còn có các dịch vụ vé máy bay giá rẻ và tour du lịch nên rất tiện cho du khách khi ghé ngang NT House",4
81,"Mình từ Phố núi Pleiku lang thang xuống thành phố biển gần nhất. Quy Nhơn không xô bồ như Đà Nẵng, nhưng nó cũng có nét riêng. Vì không phải thành phố du lịch nên Homestay ko nhiều lắm. Lạc bước vào Larose là thấy bình yên rồi.
Phòng được dọn gọn gàng, chăn nệm ngăn nắp tinh tươm. Bước vào là muốn ngả lưng nghỉ ngơi sau một chặng đường hơn 160 km.
Nghỉ ở đây, chiều xách xe lang thang ra đầm Thị Nại hay ra phía bãi biển, kiếm chút hải sản nhâm nhi thì tuyệt vời. Dân ở đây khá hiền lành. Mình cũng thích Quy Nhơn ở một mức độ nào đó ",4
82,"Homestay be bé xinh xinh theo xì tai công chúa nằm trong hẻm nhỏ trên đường trần thị kỉ, mới đầu tưởng chừng không gian bí nhưng thực chất vào trong rồi mới thấy được sự thông thoáng của nơi đây. Không khí ấm cúng nhưng một gia đình nhỏ vậy, vì nội thất đa số làm bằng gỗ và những mẫu cũng giống hồi xưa nên làm mình cứ có cảm giác như là nhà của ông bà mình vậy ^^ túm lại là rất đáng để thử ở homestay này nha",4
83,"Mình và nhỏ bạn phượt từ Nha Trang ra Bình Định trong ngày, hai đứa cứ mang nhau đi thôi. Mình chọn Oh Homestay vì nó gần ngay trung tâm và địa điểm thì dễ tìm. Chúng mình không đặt trước phòng nhưng may sao có một gia đình delay nên mình và nhỏ bạn thuê được nguyên phòng gia đình, giá 300k nhưng được anh chủ fix chỉ còn 280k. Vượt ngoài mong đợi, không gian ở đây khá tự do và thoải mái. Nhà vệ sinh thì xài chung và mình không thích lắm nhưng có nhiều phòng và yên tâm là không ai đợi ai cả. Một điểm cộng là anh chủ quán rất nhiệt tình, chịu khó dẫn bọn mình tham quan khắp thành phố với những câu chuyện cười tới bến.",4
84,"Mình thấy ở homestay này rất hay nhé, kiểu như ăn nhậu xong thuê phòng ngủ luôn ý :)). Ở đây có cafe tà sữa thước uống, có cả món nhậu ăn vặt, rồi có cả phòng homestay nữa rất là tiện cho 1 nơi lý tưởng nằm giữa Thành Phố như vậy. Đặc biệt ở đây view đẹp mà lạ nữa nên mấy thánh teen thấy cái là kéo nhau đi check in liền à. Về nước thì mình thấy khá ngon, có đầu tư về nhân viên pha chế ạ :), giá cả thì ok bình thường như những quán khác giao động từ 15-30k. nhanh tay nhanh chanh kẻo tụi bạn nó check in hết bây giờ :))",4
85,"Quy Nhơn mới xuất hiện thêm homastay nì nữa nè, phòng 2 người 2 người là 300k còn, phòng tập thể thì chỉ có 100k thôi nhé! Mà đi du lịch chủ yếu là đi ở ngoài tối chỉ về ngủ một tẹo thôi nên 100k là đủ để đáp ứng nhu cầu mọi người đầy đủ luôn. Phòng ốc sạch sẽ đẹp đẽ, rất thích hợp để sống ảo luôn. Đặc biệt có cái boot điện thoại thần kì của doremon ở ngay trước cửa nữa nề )) muốn yêu cầu gì cứ vô đó alo nha mấy chế )))) túm cái quần lại là bây giờ đã có nơi trú ngụ rất rất thích mối khi đến Quy Nhơn, cam ơn Foody rất nhiều vì đã tư vấn tận tình cho mình hihihi",4
86,"Tới ngày chủ nhật, quán đông nhưng phục vụ rất kịp thời, siêu siêu dễ thương. Uống cafe dừa, chưa có dịp uống cafe dừa ngoài bắc nên k so sánh đc, nhưng uống ở đây rất ngon, kem dừa to mịn, thơm cực kỳ, cafe hơi mạnh xíu, nhưng dân thích cafe chắc sẽ thích. Không gian thì đẹp cực kỳ, không bật nhạc to, vụ này thì tui rứt là thích luôn! :)))",5
87,"Đi uống nhiều nơi v mà vào đây thấy vị là được nhất.
Deco cực bắt mắt lúc đi ngang nhìn vào là muốn vô quán ngay, giá cả hợp lí.",4
88,"Hôm đi du lịch Quy Nhơn nhờ tìm tòi trên Foody Quy Nhơn này mà biết được homestay này giá cũng ok mà không gian thì đẹp tuyệt vời luôn. Mình ko thích ở khách sạn lắm vì không gian ko thoáng cho lắm nên tìm mãi mới được cái homestay nì. Vì thấy ở quy nhơn dạng homestay này cũng chưa nhiều nữa may mắn sao trên foody quy nhơn thấy có thế là ghi lại địa chỉ mà đến đây liền. Giá phòng thi dao động từ 270-400 tùy loại phòng mà bạn chọn nữa. Không gian đẹp, thoáng mát, sạch sẽ nữa, đặc biệt chủ rất thân thiện luôn hehe, Có luôn cả dịch vụ tư vấn nên đi đâu ăn gì ở Quy Nhơn nữa đó nha",4
89,"Homestay rất mới ,sạch sẽ ,rộng và thoáng. Chủ nhà cực thân thiện,vị trí tuy ko gân biển nhưng cũng rất ok để đi lại trong thanh phố.",4
90,"[VỊ TRÍ]
Homestay nằm ở góc đường nên khá dễ tìm
Gần trung tâm, đi bộ tới khu ăn vặt Phan Bội Châu siêu gần, đường Ỷ Lan khá vắng vẻ, ít xe cộ đi lại nên ngủ rất ngon giấc kể cả trưa hay tối

[DỊCH VỤ]
Lần này mình tới có hai anh chị trẻ tuổi tiếp, chị nhân viên siêu dễ thương, nói chuyện niềm nở
Homestay có bếp, tủ lạnh. Khi mượn chỉ cần hỏi là okei
Phòng trong hình với lại thực tế khác nhau hẳn :)))
Mình ở phòng đơn, nhỏ gọn và đẹp hơn hình nhiều :))) giường êm mỗi tội chăn hơi mỏng :)))
Homestay có chỗ phơi đồ, máy giặt luôn
Có nhà vệ sinh chung luôn, mặc dù là chung nhưng rất sạch sẽ, có máy tắm nước nóng.
Đi về thoải mái, mà thường 10h tối là mình về vì Quy Nhơn nhịp sống chậm nên thường 10h là hết hoạt động rồi :)))

Nói chung chắc chắn sẽ ghé lại nếu vào Quy Nhơn chơi lần nữa",4
91,"Homestay mới ở Quy Nhơn nè. 
Phòng đôi 2 giường giá từ 450-550k/đêm nha.
Nếu bạn muốn thoải mái, riêng tư và ấm cúng như ở nhà thì thuê nguyên home, phù hợp cho nhóm bạn, gia đình từ 8-12 người/ home, Giá thuê cả home chỉ từ 800k - 2,5tr, được tự do nấu nướng, tiệc tùng, BBQ, mà không phải mất 1 khoảng phí nào.
📣📣📣📣 Dịch vụ:
- Homestay có bếp nấu
- Tổ chức BBQ 
- Dịch vụ cho thuê xe máy, giới thiệu tour giá rẻ
📡📡📡 Vị trí: 
- Cách chợ Đầm - 250m - 1 trong những Chợ Hải sản của Quy Nhơn và chuyên bán hàng khô Hải Sản để làm quà.
- , Gần tạp hoá, cây xăng, tượng đài Quang Trung, gần ga xe lửa Quy Nhơn.",4
92,"Vô tình phát hiện ra chỗ này thuộc dạng như một điểm sáng nổi lên giữa loạt những homestay ở Quy Nhơn. Thiết kế nhà kiểu container độc đáo, view nhìn thẳng ra sông thoáng mát cực đã. Homestay nhỏ nhưng khá là đầy đủ tiện nghi, ở rất thoải mái. Đặc biệt là vị trí này gần cầu Thị Nại, đi đến Eo Gió, Kỳ Co cũng khá là gần luôn, rất tiện cho du khách muốn khám phá vẻ đẹp hoang sơ của Quy Nhơn. Giá phòng rẻ chỉ 100k :))",4
93,"Nằm sát bên trường Đại Học Quy Nhơn với view nhìn thành phố siêu đẹp. Đây là một quán chuỗi phức hợp với tầng trệt là một quán cafe nhỏ siêu dễ thương, tầng 2 là một homstay nho nhỏ,và tầng 3 là một quán rượu. Phải công nhận chủ của quán này đã tận dụng tối đa diện tích để khai thác hết tiềm năng của quán. Bên cạnh đó còn trang trí quán trở thành một địa điểm hết sức đáng yêu, hết sức cổ kính và rất là chất. Mình khá sốc khi cầm cái menu của quán cafe. Giá cả đặc biệt rẻ và sinh viên. Hai đứa uống xong mà trả có hơn 30k mà nước uống rất ngon và chất lượng.Nhân viên thì thân thiện và lễ phép. Chị chủ cũng đáng yêu không kém phần. Một địa điểm ở Quy Nhơn rất đáng đến để sống ảo.",4
94,"View quán vô cùng nhẹ nhàng vô là thích ngay.
Không những thế mà phòng nghỉ vô cùng sạch đẹp và đầy đủ tiện nghi",4
95,"Cái ELEVENHOUSE này mình vô tình thấy trên facebook. Nhìn hình thì có vẻ đơn giản và cũng gần mấy khu du lịch, mình nt vào page hỏi thử giá thì được tư vấn ưu đãi giá phòng đơn cho 2 người là 300k. Thấy homestay cũng xinh mà giá cũng oke tận tình thế là mình book luôn cho nóng. 
Mình đi xe khách từ Sg đến QN. Mình bị hù nào là ""taxi chở đi vòng vòng, rồi lạc đường, ... các kiểu'' mình lo dã man mà đến nơi có bà chủ homestay đón chở về tận nơi. 
Phòng mới và sạch sẽ, có ban công nhìn ra view núi rất thoáng. Muốn lăn lên ngủ liền hahaha. Homestay thì ở tt thành phố chạy xe ra biển cũng nhanh. Giá thuê xe tại homestay là 100k/ ngày mà được chạy hẵng xe ga AB. Mình ưng ghê gớm lun 😍😍😍",5
96,"Những lý do dạo gần đây mình thường chọn homestay làm nơi dừng chân cho những chuyến đi: tiết kiệm, thoải mái, gặp nhiều bạn mới
🍀Lần này đến Quy Nhơn, mình tìm đến Lặng Homestay, và tình cờ thích mê chỗ này
- Vì giá phòng cực hợp lý cho ng thích di chuyển như mình, phòng riêng rộng và có điều hòa, có cả phòng lớn cho ng đi theo nhóm.
- Nhà cho mình cảm giác ấm cúng, thoải mái, dễ chịu. Sáng sớm ra sân sau uống trà thơ thẩn ngắm hoa, nghe chim hót ríu rít. Tối đến chạy lên sân thượng đọc sách hay làm vài lon bia với bạn bè. Không gian sinh hoạt chung rất rộng, rất xanh, rất mộc mạc làm người ta cảm giác như mình đang ở nhà (căn nhà nhỏ mơ ước của mình ))))). Bạn cũng có thể tự nấu ăn hoặc làm tiệc bbq ngoài trời nữa
- Chủ nhà cực kỳ dễ thương, thân thiện và nhiệt tình. Nếu bạn đến Qui Nhơn ngẫu nhiên mà chưa biết nên chơi j, ăn j, ăn ở đâu thì cứ hỏi 2 anh chủ nhà đẹp zai và tốt bụng nhé ))) Quy Nhơn nhiều chỗ đẹp lắm nhưng ko phải lúc nào tìm trên mạng cũng có đủ thông tin đâu
- Cũng vì có nhiều không gian sinh hoạt chung nên mình đc gặp các bạn ở nhiều vùng khác đến, đều dễ gần, sôi nổi và thích du lịch trải nghiệm.
Nói chung là nếu đến Quy Nhơn thì đừng quên ghé Lặng nhaaa ))",5
97,"Được ngày lễ cả đám kéo nhau đi chơi. Một trải nghiệm thí vị. Không gian Romantic đủ cho mọi người sống ảo cả ngày mà không sợ trùng cảnh. Các phòng được thiết kế theo hình ống, đang là mốt homstay giới trẻ yêu thích hiện nay. Ở đây còn có các món hải sản, gà chỉ mình không mất công nấu nướng, chỉ cần gọi là có ngày. Các món ăn ở đây khá ngon. So về giá thì mình thấy ở đây giá không quá cao, trải nghiệm một ngày nghỉ ngơi thật xứng đáng, không tiếc công đi đến đây.",5
98,"Phòng rât rộng và sạch sẽ
thích nhất là tour xe ngựa & đổ bánh xèo ở đây, rất vui và đặc biệt
các bạn tới ở có thể liên hệ với chủ nhà để đặt trước tour, bảo đảm đi rất đáng đồng tiền bát gạo, nhất là đi với nhóm bạn hoặc gia đình",4
99,"Phòng rộng, sạch sẽ
Nhà vsinh hơi bé
Hơi xa khu trung tâm tí
Còn lại tất cả đều rất ok
Phòng 2 giường này mình ở là 500k 1 đêm",4
100,Ngay trung tâm. Giá rẻ. Phòng nhỏ và khá bí. Tuy nhiên chủ nhà khá nhiệt tình hướng dẫn và tổ chức tua. Không có thang máy và tủ lạnh. Chăn cứng và nhỏ. Máy nước nóng bật cùng lúc có thể gây sập cb. Phòng không cách âm tốt nên bị ồn từ các phòng khác.,3
101,Mọi người ơi. T.O.P Villa Hostel đã trở lại. Cùng nhau chia sẻ để xây dựng T.O.P Villa trở thành nơi giao lưu gặp gỡ của những người trẻ và không trẻ nhưng có tâm hồn tự do có cùng đam mê xê dịch nào. Đặc biệt ki đến với chúng tôi vào tháng 7 này các bạn sẽ có những ưu đãi đầy bất ngờ đấy. Nhanh tay liên hệ với chúng tôi ngay nào!!!!! Hè đến rồi còn chần chờ gì mà không xách balo lên và đi!!!!!!!!!!!!!!!!!!!!!!!!!,5
102,"K200 - sự thoải mái tuyệt vời

Mình thuê 3 ngày 28-31/08
Thời điểm mình thuê là homestay chỉ có mình mình là khách. Nên là có hơi cô đơn, nhưng được cái là thoải mái lắm :)) một mình một cõi đó mà
Mình thuê 1 giường dorm giá 130k/ ngày, giường êm lắm, mỗi giường có 1 cây quạt riêng, 1 tủ đựng đồ riêng, có rèm che nữa. Phòng giường dorm có 10 giường, có máy lạnh và 1 phòng vệ sinh chung
Mình kiếm mãi mới được homestay này là cho thuê 1 giường dorm thôi ấy, đa số homestay mà có giường dorm ở Quy Nhơn đều chỉ cho thuê cả phòng thôi, không cho thuê 1 giường lẻ. Nên bạn nào đi phượt hay chỉ đơn giản là cần chỗ ngủ thì homestay là lựa chọn không thể bỏ qua đâu nhé
Cô chủ homestay cực kỳ dễ thương, cho mượn mũ bảo hiểm nè, đáng ra mình phải check out lúc 12h nhưng 6h mình mới ra Ga tàu mà do lúc đó homestay không có khách nên cô cho ở tới 6h chừng nào mình đi thì nói cô thôi. Giờ giấc thoải mái vì mình được cho chìa khoá nhà và chìa khoá phòng luôn nha.

Ngoài ra homestay còn có 1 phòng 1 giường 2 người và 1 phòng 2 giường cho 4 người. Giá phòng đơn là 300k/đêm và phòng đôi là 600k/đêm (mình không nhớ rõ là 500k hay 600k nữa huhuu)
Nếu thuê cả căn thì siêu siêu thoải mái luôn nha vì homestay có sân thượng thiệt rộng, bếp núc gì ở trên đó hết, cô chủ cho mượn chén dĩa và bếp luôn, có máy giặt luôn đó

Homestay ở đường An Dương Vương gần Đại Học Quy Nhơn, có hơi xa chỗ mình ăn chơi (vòng xoay Lê Hồng Phong, Lý Thường Kiệt) nhưng đường Quy Nhơn chạy thoải mái lắm, nên dù xa nhưng chạy xíu là tới.
Nếu bạn cần kiếm một homestay tầm trung mà thoải mái và ấm cúng thì K200 là nơi bạn nên thử một lần
Mình sẽ thuê cô dài dài khi tới Quy Nhơn hehee
SĐT của cô nè: 0‭91 4092079‬
Mình thì không có chụp ảnh lại nhưng bạn muốn xem thêm thông tin về homestay thì bạn ghé trang fb của K200 nhé. - https://www.facebook.com/homestayKa200Quinhon -",5
